ticker,name,isin,cnpj,segment,type,price,nav,dy,dy_months,dy_avg_month_6m,pvp,liquidity,pl,vacancy,properties,shareholders,shares,admin_fee,growth_12m,growth_pl_12m,growth_shareholders_12m,change_30d,high_252d,low_252d,report_date,price_date,price_stale_days,dividend_source,score,classification,flags,score_valuation,score_income,score_liquidity,score_size,score_operational,score_growth
TRXF11,TRX REAL ESTATE FUNDO DE INVESTIMENTO IMOBILIÁRIO - FII,BRTRXFCTF003,28548288000152,Multicategoria,Híbrido,74.2,96.6152149076462,12.5141,12,1.0404333333333333,0.7679949795788091,44276256.07700001,6031755593.95,,6.0,351702.0,62430701.0,0.0006795380011934,82.25021275107513,83.5521114966143,80.94831400553595,-5.163599182004075,101.7,68.86,2026-08-01,2026-09-18,0,CVM Informe Mensal — Percentual_Dividend_Yield_Mes,89.4,Ancoragem,,100.0,83.5,100.0,87.1,55.0,100.0
KNCR11,KINEA RENDIMENTOS IMOBILIARIOS FII RESPONSABILIDADE LIMITADA,BRKNCRCTF000,16706958000132,Multicategoria,Híbrido,107.24,102.635340492377,13.7029,12,1.11485,1.0448642688330634,22233384.31866667,10991179817.17,,,904998.0,107089622.0,0.000865,75.36281609275383,41.23438454084267,109.49124764466501,0.6286947546213728,109.19,103.44,2026-08-01,2026-09-18,0,CVM Informe Mensal — Percentual_Dividend_Yield_Mes,87.4,Crescimento,,70.8,96.7,100.0,100.0,55.0,100.0
MXRF11,FII MAXI RENDA RL,BRMXRFCTF008,97521225000125,Logística,Tijolo,9.1,9.260171,12.3083,12,1.0259833333333332,0.9827032351778385,18893191.734,5252427199.9,,,1529305.0,567206273.0,0.00075,20.915703434995624,26.438984882045812,15.392421987945436,-2.0452099031216364,10.0,9.0,2026-08-01,2026-09-18,0,CVM Informe Mensal — Percentual_Dividend_Yield_Mes,82.0,Crescimento,,80.1,81.2,100.0,83.5,55.0,100.0
KNHY11,KINEA HIGH YIELD CRI FII RESPONSABILIDADE LIMITADA,BRKNHYCTF005,30130708000128,Multicategoria,Híbrido,95.0,98.9407868323451,12.8654,12,1.1566833333333333,0.9601702497169065,5314862.856666666,3084289360.01,,,54767.0,31173083.0,0.001336,58.009903967214754,3.892609855569784,112.12719807885972,-0.8454232334829337,102.0,93.0,2026-08-01,2026-09-18,0,CVM Informe Mensal — Percentual_Dividend_Yield_Mes,81.3,Crescimento,,83.5,87.4,83.8,69.9,55.0,100.0
KNIP11,KINEA INDICES DE PREÇOS FII RESPONSABILIDADE LIMITADA,BRKNIPCTF001,24960430000113,Multicategoria,Híbrido,89.8,93.3841035293931,10.884500000000001,12,1.0921666666666667,0.961619768312441,8812327.683000002,7478029611.87,,,132049.0,80078186.0,0.000835,42.66770566622687,1.8524744716267083,83.48293686082704,-0.15565932844118224,95.14,84.7,2026-08-01,2026-09-18,0,CVM Informe Mensal — Percentual_Dividend_Yield_Mes,81.1,Crescimento,,83.3,65.4,96.8,92.6,55.0,100.0
CPTS11,CAPITANIA SEC II FII,BRCPTSCTF004,18979895000113,Outros,Outros,7.48,8.47807,12.4532,12,1.0647333333333333,0.8822762727837822,6489158.750333334,3081805083.78,,,398543.0,363503147.0,0.000678,8.964252476401057,6.030715432717426,11.89778952008469,1.4925373134328401,8.2,7.18,2026-08-01,2026-09-18,0,CVM Informe Mensal — Percentual_Dividend_Yield_Mes,80.1,Oportunidade,,95.2,82.8,88.9,69.9,55.0,63.2
XPLG11,XP LOG FII RL,BRXPLGCTF002,26502794000185,Logística,Tijolo,92.99,104.646227516814,9.28816,12,0.77375,0.88861301746457,9040794.368333336,5377779876.31,,,366494.0,51390097.8938388,0.000518,35.56711743180632,62.327418368644835,8.806816494967794,3.8994413407821282,106.76,88.1,2026-08-01,2026-09-18,0,CVM Informe Mensal — Percentual_Dividend_Yield_Mes,78.6,Crescimento,,94.2,47.6,97.4,84.1,55.0,100.0
CPOF11,CAPITÂNIA OFFICE FII,BRCPOFCTF002,48916699000160,Outros,Outros,116.0,133.101855,12.918000000000001,12,1.7561666666666669,0.8715130228650833,5548840.096,730633884.68,,1.0,117.0,5489284.0,0.000757,17.11323998542379,41.36933711370472,-7.14285714285714,1.3100436681222627,116.0,93.51,2026-08-01,2026-09-18,0,CVM Informe Mensal — Percentual_Dividend_Yield_Mes,78.4,Crescimento,,96.8,88.0,84.9,33.1,55.0,90.4
KNHF11,KINEA HEDGE FUND FII RESPONSABILIDADE LIMITADA,BRKNHFCTF004,42754342000147,Multicategoria,Híbrido,91.99,98.945379940788,11.9722,12,0.99675,0.9297048538804912,4995841.776666667,1945586257.94,,1.0,156577.0,19663235.0,0.000916,110.9657527247188,-0.6948029656287824,222.62630841506638,2.839575181665732,100.33,87.51,2026-08-01,2026-09-18,0,CVM Informe Mensal — Percentual_Dividend_Yield_Mes,77.9,Crescimento,,88.0,77.5,82.3,58.2,55.0,100.0
KNSC11,KINEA SECURITIES FII RESPONSABILIDADE LIMITADA,BRKNSCCTF008,35864448000138,Multicategoria,Híbrido,9.07,8.76264600954234,13.102,12,1.1586333333333334,1.0350754772157813,5086801.674,1788939459.44,,,498734.0,204155167.0,0.001022,61.038941394166216,0.9706040800393723,121.10727870829305,0.7777777777777883,9.34,8.49,2026-08-01,2026-09-18,0,CVM Informe Mensal — Percentual_Dividend_Yield_Mes,76.9,Crescimento,,72.2,90.0,82.7,56.0,55.0,100.0
CVBI11,PATRIA CREDITO IMOBILIARIO INDICE DE PRECOS FII RESP LTDA,BRCVBICTF001,28729197000113,Outros,Outros,82.78,93.2946472473339,11.4006,12,0.9872500000000001,0.8872963502454919,4479743.032666667,1587101203.64,,,112550.0,17011707.0,0.0006531107768191,44.81756196221765,55.19890796648021,34.4362159579551,-2.1744268494445773,88.8,74.6,2026-08-01,2025-09-23,360,CVM Informe Mensal — Percentual_Dividend_Yield_Mes,76.7,Crescimento,preco_defasado,94.4,71.1,79.5,52.9,55.0,100.0
BTLG11,BTGP LOGISTICA FII,BRBTLGCTF000,11839593000109,Multicategoria,Híbrido,101.2,106.685788,8.8904,12,0.8045,0.9485799551857835,18414501.16666667,7568317626.83,,,525374.0,70940261.0,0.000698,47.28491453535626,63.8000813388859,30.769747731826612,2.8873525823505553,105.0,96.75,2026-08-01,2026-09-18,0,CVM Informe Mensal — Percentual_Dividend_Yield_Mes,76.5,Crescimento,,85.2,43.2,100.0,92.9,55.0,100.0
HGLG11,PÁTRIA LOG - FUNDO DE INVESTIMENTO IMOBILIÁRIO,BRHGLGCTF004,11728688000147,Multicategoria,Híbrido,147.98,166.089179707456,7.97,12,0.6733333333333333,0.8909671313968018,20416200.387000002,7570811687.75,,,608345.0,45582811.0,0.000442,28.4843967149622,38.1265744505674,18.842218979357007,1.4256339958875763,163.3,143.39,2026-08-01,2026-09-18,0,CVM Informe Mensal — Percentual_Dividend_Yield_Mes,76.1,Crescimento,,93.9,33.0,100.0,92.9,55.0,100.0
RECR11,FII REC RECEBIVEIS IMOBILIARIOS,BRRECRCTF004,28152272000126,Multicategoria,Híbrido,76.49,87.6985444459782,12.2465,12,1.1551666666666667,0.872192354881299,3137591.553333333,2318894217.75,,,173041.0,26441650.0,0.0001459599137421,-0.6790646577445658,-1.2882525526889843,-0.06987676280014732,0.13090718680455193,84.2,73.18,2026-08-01,2026-09-18,0,CVM Informe Mensal — Percentual_Dividend_Yield_Mes,72.9,Oportunidade,,96.7,80.5,70.4,62.6,55.0,31.1
HGBS11,HEDGE BRASIL SHOPPING FUNDO DE INVESTIMENTO IMOBILIÁRIO,BRHGBSCTF000,08431747000106,Shoppings,Tijolo,18.62,20.1801732497262,9.3828,12,0.82925,0.9226878168775203,4815413.832333333,2913123560.27,,1.0,202530.0,144355726.0,0.000464,27.955445507304933,4.673165591767026,51.23772542284284,0.16137708445400634,21.05,18.01,2026-08-01,2026-09-18,0,CVM Informe Mensal — Percentual_Dividend_Yield_Mes,72.7,Oportunidade,,89.1,48.7,81.3,68.5,55.0,100.0
TEPP11,FII TELLUS PROP,BRTEPPCTF006,26681370000125,Multicategoria,Híbrido,7.17,9.392297,11.521099999999999,12,0.67855,0.763391532444087,3038519.6673333338,504964580.05,,,45664.0,53763691.0,0.000714,37.94577007507944,22.52282919429134,53.36871095586753,-4.016064257028107,85.0,6.93,2026-08-01,2026-09-18,0,CVM Informe Mensal — Percentual_Dividend_Yield_Mes,72.6,Oportunidade,,100.0,72.5,69.5,23.7,55.0,100.0
RZTR11,FUNDO DE INVESTIMENTO IMOBILIÁRIO RIZA TERRAX,BRRZTRCTF003,36501128000186,Outros,Outros,84.0,97.777856954697,12.1403,12,0.9864833333333333,0.8590902134306274,2928110.1079999995,1843280781.51,,,146997.0,18851720.0,0.0008987310216747,0.4085506527549465,-0.11603427723636539,0.9331355827462584,0.9615384615384581,99.04,80.0,2026-08-01,2026-09-18,0,CVM Informe Mensal — Percentual_Dividend_Yield_Mes,72.3,Oportunidade,,98.6,79.3,68.6,56.8,55.0,34.7
HGRE11,PÁTRIA ESCRITÓRIOS FUNDO DE INVESTIMENTO IMOBILIÁRIO,BRHGRECTF006,09072017000129,Escritórios,Papel,116.0,150.561803911856,12.8516,12,0.6508666666666666,0.770447729677245,2301743.6043333337,1779304317.73,,1.0,143912.0,11817767.0,0.000641,-0.6706224879571232,-3.3204256673874055,1.9791806914731591,1.0805158591843833,132.0,112.18,2026-08-01,2026-09-18,0,CVM Informe Mensal — Percentual_Dividend_Yield_Mes,72.1,Oportunidade,,100.0,87.2,62.5,55.9,70.0,31.1
HGRU11,PÁTRIA RENDA URBANA - FUNDO DE INVESTIMENTO IMOBILIÁRIO,BRHGRUCTF002,29641226000153,Outros,Outros,114.06,128.108509196429,9.2516,12,0.7378,0.8903389846267871,9797035.112333331,3181472851.52,,1.0,232516.0,24834204.0,0.0005324956361612,6.115643418757344,7.108901153068103,5.122385684446584,-0.38427947598252965,133.8,112.02,2026-08-01,2026-09-18,0,CVM Informe Mensal — Percentual_Dividend_Yield_Mes,71.7,Oportunidade,,93.9,47.2,99.5,70.7,55.0,53.7
GARE11,FII GUARDIAL LOGISTICA,BRGARECTF001,37295919000160,Multicategoria,Híbrido,8.43,9.07406576,8.887866,12,0.8914323333333334,0.9290212593742543,6553592.121333334,2624096755.71,,,553693.0,289186438.0,0.000668,60.686286541178006,81.61569305469203,39.756880027663975,2.430133657351141,9.24,8.07,2026-08-01,2026-09-18,0,CVM Informe Mensal — Percentual_Dividend_Yield_Mes,71.6,Oportunidade,,88.1,43.2,89.2,65.8,55.0,100.0
TJKB11,TJK RENDA IMOBILIARIA FII - RESPONSABILIDADE LIMITADA,BRTJKBCTF006,39714024000148,Hospital,Tijolo,247.51,281.304870729961,12.772499999999999,12,0.8747833333333332,0.8798638976912616,1326975.0146666665,600451997.89,,,792.0,2134524.0,9.1e-05,105.61733988207664,96.60053342268984,114.63414634146343,-0.3582930756843905,292.06,235.01,2026-08-01,2026-09-18,0,CVM Informe Mensal — Percentual_Dividend_Yield_Mes,70.9,Oportunidade,,95.5,86.4,48.4,28.1,55.0,100.0
KNRI11,KINEA RENDA IMOBILIARIA FII RESPONSABILIDADE LIMITADA,BRKNRICTF007,12005956000165,Multicategoria,Híbrido,157.5,163.559028263568,8.0206,12,0.7014,0.9629550974477291,7693160.113333332,4613026520.42,,1.0,522874.0,28204047.0,0.000867,37.607704519695986,0.18662107945408568,75.02878795993789,2.6192337763878193,171.45,143.91,2026-08-01,2026-09-18,0,CVM Informe Mensal — Percentual_Dividend_Yield_Mes,70.7,Oportunidade,,83.1,33.6,93.3,80.2,55.0,100.0
MALL11,PATRIA MALLS FUNDO DE INVESTIMENTO IMOBILIÁRIO,BRMALLCTF007,26499833000132,Shoppings,Tijolo,100.03,119.281063408642,9.5174,12,0.8348,0.8386075470949629,2018055.4566666665,2117294579.76,,,137606.0,17750467.0,0.0003523656826649,16.618080447956487,24.734615447102026,8.501545448810944,-0.2592481802772051,103.98,90.12,2026-08-01,2025-07-21,424,CVM Informe Mensal — Percentual_Dividend_Yield_Mes,70.1,Oportunidade,preco_defasado,100.0,50.2,59.1,60.3,55.0,88.7
RVBI11,PATRIA SECURITIES FII - RESPONSABILIDADE LIMITADA,BRRVBICTF009,35507457000171,Outros,Outros,59.9,70.305275974003,10.344,12,0.7867833333333333,0.851998646903106,1329376.2296666668,1293573348.04,,,80590.0,18399378.0,0.0005610010527037,57.68019940783388,69.4908650768899,45.86953373877787,-5.847217856020115,68.7,56.79,2026-08-01,2025-10-23,330,CVM Informe Mensal — Percentual_Dividend_Yield_Mes,69.7,Oportunidade,preco_defasado,99.7,59.4,48.4,47.7,55.0,100.0
GGRC11,ZAGROS RENDA IMOBILIÁRIA FII RESPONSABIL,BRGGRCCTF002,26614291000100,Multicategoria,Híbrido,9.0,10.92712921,6.04883,12,1.0081383333333334,0.8236381054013362,18441906.070666667,3777611904.3,,,411230.0,345709457.0,2.5e-05,120.30898189185925,124.39165781847414,116.22630596524436,-1.3157894736842035,10.5,8.95,2026-08-01,2026-09-18,0,CVM Informe Mensal — Percentual_Dividend_Yield_Mes,69.7,Oportunidade,,100.0,11.7,100.0,75.1,55.0,100.0
RBVA11,RIO BRAVO RENDA VAREJO FII DE RESPONSABILIDADE LIMITADA,BRRBVACTF006,15576907000170,Varejo,Tijolo,8.84,10.6586569412231,10.1894,12,0.8511666666666667,0.8293727857785423,1623369.4039999996,1761536439.55,,1.0,96217.0,165268143.0,0.000445,15.383748135074915,6.563641725634106,24.203854544515725,2.314814814814814,10.62,8.54,2026-08-01,2026-09-18,0,CVM Informe Mensal — Percentual_Dividend_Yield_Mes,69.6,Oportunidade,,100.0,57.7,53.5,55.6,55.0,84.6
XPML11,XP MALLS FII,BRXPMLCTF000,28757546000100,Shoppings,Tijolo,98.0,110.112376,3.0564,12,0.7978833333333334,0.8899998670449178,21497062.45766666,7081112753.36,,9.0,733101.0,64308055.0,0.000627,17.60158084451242,14.808723047241745,20.394438641783097,-0.24429967426710109,112.2,96.96,2026-08-01,2026-09-18,0,CVM Informe Mensal — Percentual_Dividend_Yield_Mes,69.6,Oportunidade,,94.0,0.0,100.0,91.2,55.0,92.0
XPCI11,XP CREDITO IMOBILIÁRIO FII,BRXPCICTF007,28516301000191,Outros,Outros,77.47,87.6099068266739,12.2232,12,1.0362833333333332,0.8842607281076723,1691413.670666667,762342159.96,,,82834.0,8701551.99991487,0.000835,10.054568727095226,-0.44857696459019714,20.557714418780648,0.6103896103896167,88.0,75.22,2026-08-01,2026-09-18,0,CVM Informe Mensal — Percentual_Dividend_Yield_Mes,69.3,Oportunidade,,94.9,80.3,54.6,34.2,55.0,66.8
ALZR11,ALIANZA TRUST FII RL,BRALZRCTF006,28737771000185,Multicategoria,Híbrido,9.96,10.692112,9.3321,12,0.7751666666666667,0.9315278403368765,3248927.4809999997,1757788636.74,,,209909.0,164400501.0,0.000809,30.006692497624798,34.667639043880946,25.34574595136865,1.2195121951219523,10.85,9.63,2026-08-01,2026-09-18,0,CVM Informe Mensal — Percentual_Dividend_Yield_Mes,68.5,Oportunidade,,87.8,48.1,71.3,55.6,55.0,100.0
VCJR11,VECTIS JUROS REAL FUNDO DE INVESTIMENTO IMOBILIÁRIO - FII,BRVCJRCTF005,32400250000105,Outros,Outros,65.35,92.2221573495464,11.1539,12,0.9993666666666666,0.7086149562984759,3671653.1743333335,1357876278.15,,,28805.0,14723970.0,0.0013,-2.9411763544806684,-1.380148021098726,-4.50220468786261,-2.185301601556666,83.14,64.12,2026-08-01,2026-09-18,0,CVM Informe Mensal — Percentual_Dividend_Yield_Mes,68.4,Oportunidade,,100.0,68.4,74.4,49.0,55.0,23.5
HGCR11,PÁTRIA RECEBÍVEIS IMOBILIÁRIOS - FII,BRHGCRCTF000,11160521000122,Outros,Outros,94.72,97.8382289640504,11.9973,12,0.9827666666666667,0.9681287263979792,3431625.598333333,1508480185.02,,,100918.0,15418106.0,0.000613,0.8314383739758568,1.1249102612713724,0.5379664866803413,3.916620954470651,99.99,87.75,2026-08-01,2026-09-18,0,CVM Informe Mensal — Percentual_Dividend_Yield_Mes,67.8,Oportunidade,,82.3,77.7,72.7,51.6,55.0,36.1
KORE11,KINEA OPORTUNIDADES REAL ESTATE FII,BRKORECTF012,52219978000142,Outros,Outros,65.04,107.310853693506,9.2333,12,0.5634666666666667,0.6060896709084326,2024245.0763333333,1032866966.8,,,66280.0,9625000.0,0.000493,80.37612647261274,1.3393370939534854,159.412915851272,2.522068095838592,78.49,61.25,2026-08-01,2026-09-18,0,CVM Informe Mensal — Percentual_Dividend_Yield_Mes,67.4,Oportunidade,,100.0,47.0,59.2,42.0,55.0,100.0
MANA11,MANATÍ CAPITAL HEDGE FUND FII,BRMANACTF006,42888583000189,Outros,Outros,9.18,9.243915,14.57098,12,1.2543339999999998,0.9930857217964467,1115916.3316666665,346980883.45,,,37908.0,37536140.0,0.000774,15.627388279258792,-0.256064725090388,31.51084128360797,2.914798206278024,9.53,8.67,2026-08-01,2026-09-18,0,CVM Informe Mensal — Percentual_Dividend_Yield_Mes,67.4,Oportunidade,,78.5,100.0,43.9,14.1,55.0,85.4
VRTA11,FATOR VERITA FII,BRVRTACTF008,11664201000100,Outros,Outros,70.15,83.6221685871292,12.1392,12,1.0128,0.8388923796792951,1570685.8153333333,1303872308.41,,,100313.0,15592424.0,0.000704,-4.719424284972728,-0.13858364892447295,-9.300264921020984,1.2265512265512424,82.9,67.95,2026-08-01,2026-09-18,0,CVM Informe Mensal — Percentual_Dividend_Yield_Mes,67.2,Oportunidade,,100.0,79.3,52.7,47.9,55.0,17.6
SAPI11,SAM - SANTANDER PAPEIS IMOBILIARIOS FII RL,BRSAPICTF001,51646298000142,Multicategoria,Híbrido,8.55,10.0425562682893,14.3179,12,1.1043666666666667,0.8513768578024061,212240.90133333334,296891314.62,,,13058.0,29563321.0,0.000736,196.76843992549624,93.59813559371837,299.9387442572741,-1.9495412844036664,9.49,8.51,2026-08-01,2026-09-18,0,CVM Informe Mensal — Percentual_Dividend_Yield_Mes,67.2,Oportunidade,,99.8,100.0,1.5,10.1,55.0,100.0
IBBP11,INVISTA DESENV VI FII RESP LTDA,BRIBBPCTF005,52551605000174,Logística,Tijolo,8.4,9.77512296,9.860376,12,0.8244533333333334,0.8593242288995208,1239589.1413333332,997966578.21,,,2037.0,102092483.404,9.1e-05,228.8425891295518,150.28517825910362,307.4,-3.9999999999999925,15.0,7.02,2026-08-01,2026-09-18,0,CVM Informe Mensal — Percentual_Dividend_Yield_Mes,66.9,Oportunidade,,98.6,54.0,46.6,41.1,55.0,100.0
BRCO11,BRESCO LOGISTICA FUNDO DE INVESTIMENTO IMOBILIÁRIO,BRBRCOCTF007,20748515000181,Logística,Tijolo,110.22,114.759428768722,8.6217,12,0.6874666666666668,0.9604439581354971,5415380.890666666,2068114437.96,,,137263.0,18021303.0001041,1.9e-05,12.612710770477154,10.447430070095542,14.777991470858765,-0.9703504043126698,124.0,108.5,2026-08-01,2026-09-18,0,CVM Informe Mensal — Percentual_Dividend_Yield_Mes,66.3,Oportunidade,,83.4,40.2,84.3,59.7,55.0,75.4
ITRI11,ITAÚ TOTAL RETURN FUNDO DE INVESTIMENTO IMOBILIÁRIO,BRITRICTF008,52270671000176,Outros,Outros,76.41,87.5850000768,11.9871,12,0.8885,0.8724096584232338,1000738.5643333335,547406250.48,,,17924.0,6250000.0,0.0009,11.671720611040943,-5.051974250697489,28.395415472779373,3.3824922202678964,91.0,72.72,2026-08-01,2026-09-18,0,CVM Informe Mensal — Percentual_Dividend_Yield_Mes,66.3,Oportunidade,,96.6,77.6,41.2,25.7,55.0,72.2
VISC11,VINCI SHOPPING CENTERS FUNDO DE INVESTIMENTO IMOBILIÁRIO-FII,BRVISCCTF005,17554274000125,Shoppings,Tijolo,102.7,115.448579975301,8.4407,12,0.7269166666666665,0.8895735228789439,6241413.383333332,3328225550.62,,,345414.0,28828640.0000073,0.0008905296395696,-2.68717803132848,-6.448259335282092,1.0739032726251319,1.6831683168316847,113.5,100.0,2026-08-01,2026-09-18,0,CVM Informe Mensal — Percentual_Dividend_Yield_Mes,65.8,Oportunidade,,94.1,38.2,88.0,71.9,55.0,24.4
LIFE11,FII LIFE CAPITAL PARTNERS,BRLIFECTF017,39753295000102,Residencial,Tijolo,6.95,9.79261746,14.722737,12,1.2430275,0.7097183187629592,471537.2083333333,389369981.63,,,20830.0,39761584.0,0.000119,9.87800059324333,4.781115719797913,14.974885466688747,0.43352601156070314,9.0,6.59,2026-08-01,2026-09-18,0,CVM Informe Mensal — Percentual_Dividend_Yield_Mes,65.7,Oportunidade,,100.0,100.0,21.9,17.0,55.0,66.3
TRXY11,TRX HEDGE FII,BRTRXYCTF004,43985938000110,Multicategoria,Híbrido,7.49,8.36601863100175,15.319700000000001,12,1.2948833333333334,0.8952884675925165,134160.966,296717699.91,,,3996.0,35467014.0,0.0008428083328896,664.8927548707035,838.6612493863774,491.12426035502955,-0.3989361702127603,10.49,7.25,2026-08-01,2026-09-18,0,CVM Informe Mensal — Percentual_Dividend_Yield_Mes,65.3,Oportunidade,,93.2,100.0,0.0,10.1,55.0,100.0
JSAF11,JS ATIVOS FINANCEIROS FUNDO DE INVESTIMENTO IMOBILIÁRIO,BRJSAFCTF000,42085661000107,Multicategoria,Híbrido,7.01,8.84848999997291,10.5881,12,0.8642,0.7922255661724724,1530175.8626666667,685964056.33,,,26218.0,77523290.0,0.000645,9.286765651503735,-0.6046131581044056,19.178144461111877,3.2400589101619914,8.34,6.6,2026-08-01,2026-09-18,0,CVM Informe Mensal — Percentual_Dividend_Yield_Mes,65.0,Oportunidade,,100.0,62.1,52.0,31.5,55.0,64.3
BTRU11,BTG RENDA URB FII,BRBTRUCTF008,08098114000128,Outros,Outros,86.83,86.642937,10.0565,12,0.6510666666666666,1.002159010376114,3547491.341333333,771011586.5,,1.0,833.0,8898724.0,0.000872,60.05453173669876,-3.2153333094442904,123.32439678284182,1.9131455399060915,90.0,76.02,2026-08-01,2026-09-18,0,CVM Informe Mensal — Percentual_Dividend_Yield_Mes,65.0,Oportunidade,,77.2,56.2,73.5,34.5,55.0,100.0
RZAT11,RIZA ARCTIUM FII RL,BRRZATCTF009,28267696000136,Multicategoria,Híbrido,87.23,101.55468,13.8603,12,1.3222,0.8589461362095769,606633.5113333333,430088334.12,,2.0,34274.0,4235042.0,0.000762,-1.2337690320046946,0.43622691516849166,-2.903764979177881,0.4144123402785693,99.79,85.0,2026-08-01,2026-09-18,0,CVM Informe Mensal — Percentual_Dividend_Yield_Mes,64.9,Oportunidade,,98.7,98.4,28.4,19.6,55.0,29.2
KFOF11,FUNDO DE FUNDOS DE INVESTIMENTO IMOBILIÁRIO KINEA FII,BRKFOFCTF006,30091444000140,Multicategoria,Híbrido,77.22,87.0950435116076,10.507200000000001,12,0.8726833333333334,0.8866176177948462,948794.3376666666,610933843.89,,,46788.0,7014565.0,0.000669,28.967780061044596,-1.023466853517252,58.95902697560644,1.7927761666227227,87.71,73.6,2026-08-01,2026-09-18,0,CVM Informe Mensal — Percentual_Dividend_Yield_Mes,64.7,Oportunidade,,94.5,61.2,39.8,28.5,55.0,100.0
ICRI11,ITAÚ CRÉDITO IMOBILIÁRIO IPCA FII,BRICRICTF004,51294441000184,Outros,Outros,86.24,99.832980007824,11.9085,12,1.0674833333333333,0.863842790160539,675126.2636666668,385091643.93,,,11169.0,3857359.0,0.0007,14.637233956041474,-0.22118426183008744,29.495652173913033,-0.873563218390816,100.6,84.72,2026-08-01,2026-09-18,0,CVM Informe Mensal — Percentual_Dividend_Yield_Mes,64.6,Oportunidade,,97.9,76.8,31.1,16.7,55.0,82.1
HFOF11,HEDGE TOP FOFII 3 FUNDO DE INVESTIMENTO IMOBILIÁRIO,BRHFOFCTF002,18307582000119,Multicategoria,Híbrido,6.29,7.55540976807602,9.0822,12,0.7646166666666666,0.8325160637318741,1685790.2326666669,1645794909.78,,,87636.0,217830000.0,0.00041,8.09728001434133,-1.7574709815733391,17.952031010255997,1.4516129032257963,7.11,5.99,2026-08-01,2026-09-18,0,CVM Informe Mensal — Percentual_Dividend_Yield_Mes,64.1,Oportunidade,,100.0,45.4,54.5,53.9,55.0,60.3
CYCR11,CYRELA CRÉDITO - FUNDO DE INVESTIMENTO IMOBILIÁRIO,BRCYCRCTF004,36501233000115,Outros,Outros,8.24,9.50596962744578,13.531,12,1.1236833333333334,0.8668237247686283,980416.678,347437914.07,,,16708.0,36549445.0,0.0006984896586476,-2.887723648257834,1.8028246362202571,-7.578271932735925,-0.2421307506053183,9.35,8.0,2026-08-01,2026-09-18,0,CVM Informe Mensal — Percentual_Dividend_Yield_Mes,64.1,Oportunidade,,97.5,94.8,40.6,14.1,55.0,23.7
RECM11,REC MULTIESTRATÉGIA - FII RESPONSABILIDADE LTDA,BRRECMCTF005,56430935000162,Multicategoria,Híbrido,7.01,8.68831838006204,13.3784,12,1.0877833333333333,0.8068304697588609,75182.96266666667,165516444.39,,,1332.0,19050458.0,0.0008251365023175,94.06348057555493,104.14906059862368,83.97790055248619,-5.779569892473124,9.59,6.99,2026-08-01,2026-09-18,0,CVM Informe Mensal — Percentual_Dividend_Yield_Mes,63.8,Oportunidade,,100.0,93.1,0.0,0.0,55.0,100.0
HSML11,HSI - MALLS FII RESP. LIMITADA,BRHSMLCTF007,32892018000131,Shoppings,Tijolo,84.3,98.9320641115583,8.3135,12,0.7169166666666666,0.8520998804284643,4291724.787,2110218553.13,,1.0,186884.0,21329976.0,0.000762,-2.4896916757682908,-4.967077766406014,-0.012305585130567565,1.5662650602409567,96.01,81.22,2026-08-01,2026-09-18,0,CVM Informe Mensal — Percentual_Dividend_Yield_Mes,63.8,Oportunidade,,99.7,36.8,78.4,60.2,55.0,25.0
CPLG11,CAPITANIA LOGISTICA FII,BRCPLGCTF006,52371756000140,Logística,Tijolo,11.18,10.74607211,16.219191,12,1.1886078333333332,1.0403801394182157,471439.93700000003,605602953.31,,,5601.0,56355750.0,8.6e-05,607.3918246515419,75.62435726768564,1139.1592920353983,2.287282708142735,14.33,10.0,2026-08-01,2026-09-18,0,CVM Informe Mensal — Percentual_Dividend_Yield_Mes,63.6,Oportunidade,,71.4,100.0,21.9,28.3,55.0,100.0
ZAVC11,FII ZAVIT CRÉDITO IMOBILIÁRIO,BRZAVCCTF007,52101897000143,Outros,Outros,9.19,10.0796301,15.145954,12,1.253031,0.9117398068010453,7232.948666666667,36109478.54,,,854.0,3582421.0,0.000456,47.519897365776096,0.06262578178051204,94.97716894977168,5.632183908045985,10.99,8.3,2026-07-01,2026-09-18,0,CVM Informe Mensal — Percentual_Dividend_Yield_Mes,63.2,Oportunidade,,90.7,100.0,0.0,0.0,55.0,100.0
SNEL11,FUNDO DE INVESTIMENTO IMOBILIÁRIO SUNO ENERGIAS LIMPAS,BRSNELCTF010,43741171000184,Outros,Outros,7.95,7.73846034210057,7.9825,12,0.9242833333333333,1.0273361429209067,5400066.367333333,1757013017.49,,,127630.0,227049431.0,5.465e-05,329.29456537979615,450.6462653443532,207.9428654152391,-2.573529411764708,8.94,7.82,2026-08-01,2026-09-18,0,CVM Informe Mensal — Percentual_Dividend_Yield_Mes,63.1,Oportunidade,,73.4,33.1,84.2,55.5,55.0,100.0
KCRE11,KINEA CREDITAS FII RESPONSABILIDADE LIMITADA,BRKCRECTF009,42502802000140,Multicategoria,Híbrido,8.43,9.37877228861111,12.3152,12,1.1691833333333335,0.8988383277240637,349060.8076666667,337635802.39,,,29608.0,36000000.0,0.000908,43.32955979713481,-0.41360423210302644,87.07272382637265,0.0,9.55,8.29,2026-08-01,2026-09-18,0,CVM Informe Mensal — Percentual_Dividend_Yield_Mes,63.1,Oportunidade,,92.7,81.3,14.2,13.4,55.0,100.0
ICNE11,ÍCONE - FII RESPONSABILIDADE LIMITADA,BRICNECTF002,53137434000102,Residencial,Tijolo,500.0,510.031157666667,20.4457,12,1.7858166666666666,0.9803322649687553,1664942.8141176472,61203738.92,,,14.0,120000.0,0.0,76.03428032413565,-27.93143935172868,179.99999999999997,-35.064935064935064,1000.0,500.0,2026-08-01,2026-08-25,24,CVM Informe Mensal — Percentual_Dividend_Yield_Mes,62.9,Oportunidade,preco_defasado,80.5,82.0,54.2,0.0,55.0,100.0
EDGE11,EDGE FII RL,BREDGECTF003,54306150000157,Multicategoria,Híbrido,834.0,1090.260602,12.904399,12,1.0443971666666667,0.7649547259344147,193317.42370370368,12466221.36,,,116.0,11434.1666,0.000733,162.02661386901138,-5.57640189160693,329.6296296296297,-24.181818181818183,1156.17,834.0,2026-08-01,2026-09-14,4,CVM Informe Mensal — Percentual_Dividend_Yield_Mes,62.5,Oportunidade,,100.0,87.8,0.0,0.0,55.0,100.0
HABT11,HABITAT RECEBÍVEIS PULVERIZADOS FII RL,BRHABTCTF001,30578417000105,Multicategoria,Híbrido,64.96,92.8607677022999,12.045142,12,1.0063333333333333,0.699541922895293,969771.3906666667,754659308.33,,,54796.0,8126783.0,5.7e-05,-6.158610028517686,-2.8801394369315836,-9.437080620103789,-2.153938846211789,80.06,63.45,2026-08-01,2026-09-18,0,CVM Informe Mensal — Percentual_Dividend_Yield_Mes,62.5,Oportunidade,,100.0,78.3,40.4,33.9,55.0,12.8
FTCE11,OPPORTUNITY FUNDO DE INVESTIMENTO IMOBILIÁRIO,BRFTCECTF005,01235622000161,Multicategoria,Híbrido,2914.9,2974.18235805027,8.1769,11,0.9854833333333333,0.9800676788059719,4562862.67625,4027453350.06,,,124.0,1354138.00003178,0.0010416160847493,3.4654651155883065,7.730930231176614,-0.8000000000000007,2.5741180610539205,2914.9,2841.75,2026-08-01,2026-04-16,155,CVM Informe Mensal — Percentual_Dividend_Yield_Mes,62.4,Oportunidade,preco_defasado,80.5,35.3,79.9,76.8,55.0,44.9
LVBI11,VBI LOGISTICO FII RL,BRLVBICTF002,30629603000118,Logística,Tijolo,97.0,120.989042,7.5958,12,0.6365500000000001,0.8017254984133191,4133188.307666667,1950169735.62,,,123510.0,16118565.0,0.000708,-0.9512609836390018,2.8222822908313017,-4.724804258109305,-0.05151983513652647,112.44,95.0,2026-08-01,2026-09-18,0,CVM Informe Mensal — Percentual_Dividend_Yield_Mes,62.4,Oportunidade,,100.0,28.8,77.4,58.2,55.0,30.2
HBCR11,FII HBC RENDA URBANA,BRHBCRCTF001,36501159000137,Multicategoria,Híbrido,152.0,130.710126,12.1055,12,0.457,1.162878536281114,19689447.836,209136201.9,,,73.0,1600000.0,0.000121,56.93761215373066,5.303795736032746,108.57142857142858,11.764705882352944,153.52,117.3,2026-08-01,2026-09-04,14,CVM Informe Mensal — Percentual_Dividend_Yield_Mes,62.3,Oportunidade,preco_defasado,47.4,78.9,100.0,1.1,55.0,100.0
CPUR11,CAPITANIA HBC II FII,BRCPURCTF004,34691520000100,Multicategoria,Híbrido,10.49,9.933344,11.3063,12,0.9669166666666666,1.0560391344546207,1301505.0536666668,673736463.74,,3.0,1900.0,67825745.0,0.000873,23.291574246247723,10.18688144296207,36.39626704953338,-4.549590536851689,21.0,9.66,2026-08-01,2026-09-18,0,CVM Informe Mensal — Percentual_Dividend_Yield_Mes,62.1,Oportunidade,,68.8,70.1,47.9,31.0,55.0,100.0
BBFO11,BB FUNDO DE FUNDOS - FUNDO DE INVESTIMENTO IMOBILIÁRIO,BRBBFOCTF004,37180091000102,Multicategoria,Híbrido,66.65,68.3201848572642,13.7529,12,1.2703333333333333,0.9755535664788734,228983.6276666667,273547188.15,,,11223.0,4003900.0,0.000418,27.824014328814417,-6.276657534839791,61.92468619246863,0.6645521824498068,74.46,61.11,2026-08-01,2026-09-18,0,CVM Informe Mensal — Percentual_Dividend_Yield_Mes,61.8,Oportunidade,,81.2,97.3,3.5,8.0,55.0,100.0
VGHF11,VALORA HEDGE FII,BRVGHFCTF005,36771692000119,Outros,Outros,5.03,8.140711,9.734421,12,0.7891771666666667,0.6178821481317788,2317929.373666667,1340951607.66,,,358491.0,164721683.0,0.000669,-6.591445318495726,-4.529581051845788,-8.653309585145664,0.3992015968063978,7.83,4.78,2026-08-01,2026-09-18,0,CVM Informe Mensal — Percentual_Dividend_Yield_Mes,61.5,Oportunidade,,100.0,52.6,62.6,48.6,55.0,11.4
RBRX11,PATRIA PLUS MULT FII,BRRBRXCTF006,41088458000121,Multicategoria,Híbrido,7.15,9.242512,6.6148,12,0.11011666666666665,0.7735992119891216,2133961.6503333333,1352681336.75,,1.0,128185.0,146354302.0,0.000859,733.7756676891388,373.57778843341924,1093.9735469448583,1.9971469329529423,8.9,6.92,2026-08-01,2026-09-18,0,CVM Informe Mensal — Percentual_Dividend_Yield_Mes,61.4,Oportunidade,,100.0,17.9,60.5,48.9,55.0,100.0
TELM11,TELLUS MULTI FII RL,BRTELMCTF002,45188099000135,Multicategoria,Híbrido,9.94,10.262129,17.1891,12,1.3423333333333334,0.9686099248995993,9031.761999999997,31817729.47,,,445.0,3100500.0,0.001424,171.32411913938915,52.29736108579581,290.35087719298247,2.685950413223148,10.5,9.0,2026-08-01,2026-09-18,0,CVM Informe Mensal — Percentual_Dividend_Yield_Mes,61.1,Oportunidade,,82.2,100.0,0.0,0.0,55.0,100.0
IRIM11,IRIDIUM CRI FII RL,BRIRIMCTF003,41076564000195,Multicategoria,Híbrido,60.66,81.911278,0.0,12,0.0,0.7405573625648961,2966931.4310000003,2885402342.71,,,197858.0,35225947.0,0.000649,4006.840913497485,1651.9574638336383,6361.724363161332,0.7808606080744296,79.77,59.25,2026-08-01,2026-09-18,0,CVM Informe Mensal — Percentual_Dividend_Yield_Mes,61.1,Oportunidade,,100.0,0.0,68.9,68.2,55.0,100.0
VILG11,VINCI LOGISTICA FUNDO DE INVESTIMENTO IMOBILIARIO,BRVILGCTF001,24853044000122,Logística,Tijolo,90.02,108.686171065297,7.9034,12,0.7363333333333334,0.8282562456443271,2279528.5223333333,1630009547.19,,4.0,149011.0,14997396.0,0.0005980350922977,0.14045562301597814,-3.4850267914742217,3.765938037506178,-1.2180401624053538,104.89,85.5,2026-08-01,2026-09-18,0,CVM Informe Mensal — Percentual_Dividend_Yield_Mes,60.5,Oportunidade,,100.0,32.3,62.2,53.6,55.0,33.8
RPRI11,RBR PREMIUM RECEBÍVEIS IMOB FUNDO INVESTIMENTO IMOBILIÁRIO,BRRPRICTF007,42502842000191,Outros,Outros,71.05,98.9981045260458,11.4642,12,0.79705,0.7176905087239037,802853.4143333334,343694491.43,,,4488.0,3471728.0,0.001,3.8649444326921745,0.7453835018563337,6.984505363528015,0.5092658084594692,90.1,68.53,2026-08-01,2026-09-18,0,CVM Informe Mensal — Percentual_Dividend_Yield_Mes,60.5,Oportunidade,,100.0,71.8,35.5,13.8,55.0,46.2
IRDM11,IRIDIUM REC IMOB FII,BRIRDMCTF004,28830325000110,Outros,Outros,58.5,78.624686,1.0418,10,0.17363333333333333,0.7440411272357895,8050297.337333333,2959621783.69,,,258917.0,37642399.0,0.000879,,,,-1.7962061440322308,71.89,57.04,2025-10-01,2025-10-23,330,CVM Informe Mensal — Percentual_Dividend_Yield_Mes,60.0,Oportunidade,preco_defasado,100.0,0.0,94.5,68.9,55.0,50.0
TRBL11,TELLUS RIO BRAVO RENDA LOGISTICA FII DE RESP LTDA,BRTRBLCTF007,16671412000193,Logística,Tijolo,51.8,76.6474159048633,12.1043,12,1.2785666666666666,0.6758218706850531,1138485.1923333332,593181403.25,,,40285.0,7739092.0,0.000452,-14.269665283444727,-11.034774221794951,-17.504556345094503,10.400682011935203,87.99,43.67,2026-08-01,2026-09-18,0,CVM Informe Mensal — Percentual_Dividend_Yield_Mes,59.9,Oportunidade,,100.0,78.9,44.5,27.8,55.0,0.0
BTYU11,FII BTGP YOU,BRBTYUCTF004,54645216000133,Outros,Outros,650.0,1007.254909,11.303306,12,0.8940343333333333,0.6453182746414393,12222.575333333334,302176472.6,,,1030.0,300000.0,0.001085,55.60717919253371,0.14878461457561443,111.0655737704918,9080.790960451977,650.0,5.0,2026-08-01,2026-09-16,2,CVM Informe Mensal — Percentual_Dividend_Yield_Mes,59.6,Oportunidade,,100.0,70.0,0.0,10.5,55.0,100.0
PORD11,POLO CREDITO IMOBILIARIO - FUNDO DE INVESTIMENTO IMOBILIARIO,BRPORDCTF005,17156502000109,Multicategoria,Híbrido,8.25,9.5449612785731,11.4146,12,1.0269833333333331,0.8643303790576836,732107.8046666667,355871950.07,,,49641.0,37283750.0,0.0,4.0483236058294905,-0.1314906652459924,8.228137876904974,1.6009852216748888,8.57,7.85,2026-08-01,2026-09-18,0,CVM Informe Mensal — Percentual_Dividend_Yield_Mes,59.6,Oportunidade,,97.9,71.3,33.2,14.7,55.0,46.8
HSAF11,HSI ATIVOS FINANCEIROS FUNDO DE INVESTIMENTO IMOBILIÁRIO,BRHSAFCTF004,35360687000150,Outros,Outros,75.9,89.231445751991,12.8351,12,1.0656,0.8505969993017451,463885.911,225430755.29,,,8655.0,2526360.0,0.0006785949849797,0.5345014833463113,1.4603023106907864,-0.3912993439981638,4.545454545454564,84.2,71.35,2026-08-01,2026-09-18,0,CVM Informe Mensal — Percentual_Dividend_Yield_Mes,59.4,Oportunidade,,99.9,87.1,21.5,3.1,55.0,35.1
RBHY11,RIO BRAVO CRÉDITO IMOB HIGH YIELD FUNDO DE INV. IMOB. - FII,BRRBHYCTF005,37899479000150,Outros,Outros,58.21,93.2426475504422,13.4998,12,1.09765,0.6242851477218049,228684.07499999998,176555419.35,,,3409.0,1893505.0,0.0007939302034231,3.91586547639009,2.5831974547869674,5.248533497993213,-3.848695077634623,84.96,57.4,2026-08-01,2026-09-18,0,CVM Informe Mensal — Percentual_Dividend_Yield_Mes,59.3,Oportunidade,,100.0,94.4,3.4,0.0,55.0,46.4
OUJP11,OURINVEST JPP FUNDO DE INVESTIMENTO IMOBILIÁRIO RL,BROUJPCTF006,26091656000150,Multicategoria,Híbrido,68.8,97.1014057657398,13.2659,12,1.3285833333333332,0.7085376309173337,404608.8296666667,315811058.49,,,22833.0,3252384.0,0.000623,-8.222816581594527,-3.269726250115823,-13.175906913073232,3.287794625431606,91.47,66.0,2026-08-01,2026-09-18,0,CVM Informe Mensal — Percentual_Dividend_Yield_Mes,58.5,Oportunidade,,100.0,91.8,18.0,11.7,55.0,5.9
KIVO11,KILIMA VOLKANO RECEBIVEIS IMOBILIARIOS FII,BRKIVOCTF007,42273325000198,Outros,Outros,53.28,84.0974049864671,12.713099999999999,12,1.0123833333333334,0.6335510591387902,400850.9040000001,186926329.57,,,7134.0,2222736.0,0.0005885709105458,1.35022714551703,-1.6435562399005677,4.344010530934628,0.870882241575166,69.49,51.83,2026-08-01,2026-09-18,0,CVM Informe Mensal — Percentual_Dividend_Yield_Mes,58.4,Oportunidade,,100.0,85.7,17.8,0.0,55.0,37.8
VGRI11,VALORA RENDA IMOBILIARIA FII,BRVGRICTF008,53656482000107,Outros,Outros,5.4,8.56355426,12.425337,12,0.8618961666666666,0.6305792940698901,175361.09100000001,299910536.46,,,24994.0,35021736.0,0.000675,6.814010330925841,-19.24810905638331,32.87612971823499,1.6949152542373058,8.79,5.1,2026-08-01,2026-09-18,0,CVM Informe Mensal — Percentual_Dividend_Yield_Mes,58.3,Oportunidade,,100.0,82.5,0.0,10.4,55.0,56.0
BTAL11,BTGP AGRO LOG FII,BRBTALCTF003,36642244000115,Logística,Tijolo,90.03,115.961163,23.1993,12,0.78005,0.7763806232264159,726627.3706666668,693765025.57,,,38037.0,5982736.0,0.000682,-0.7812083751141561,3.79699207264248,-5.359408822870792,-1.033307683851814,91.4,69.33,2026-01-01,2026-02-19,211,CVM Informe Mensal — Percentual_Dividend_Yield_Mes,58.0,Oportunidade,preco_defasado,100.0,60.0,33.0,31.8,55.0,30.7
GAME11,FII GUARDIAN MULTIESTRATÉGIA,BRGAMECTF002,41269052000145,Outros,Outros,8.1,9.318239,11.339166,12,1.0504663333333333,0.8692629583765773,346867.62000000005,264881440.74,,,20272.0,28426127.0,0.000912,12.017759467476852,30.538609055791266,-6.503090120837562,-2.7611044417767183,9.63,8.05,2026-08-01,2026-09-18,0,CVM Informe Mensal — Percentual_Dividend_Yield_Mes,57.9,Oportunidade,,97.1,70.4,14.1,7.2,55.0,73.4
HSLG11,HSI LOGÍSTICA FUNDO DE INVESTIMENTO IMOBILIÁRIO,BRHSLGCTF009,32903621000171,Logística,Tijolo,78.71,110.038144971903,7.9097,12,0.6722666666666667,0.7152974090947981,1259942.4256666666,1393090287.9,,,40716.0,12660067.0,0.0005259866114669,-0.10203282353933307,-0.15496902492626585,-0.04909662215240029,5.227272727272725,97.49,70.57,2026-08-01,2026-09-18,0,CVM Informe Mensal — Percentual_Dividend_Yield_Mes,57.5,Oportunidade,,100.0,32.3,47.0,49.6,55.0,33.0
PQAG11,PARQUE ANHANGUERA FUNDO DE INVESTIMENTO IMOBILIÁRIO,BRPQAGCTF009,12978943000172,Logística,Tijolo,53.56,56.4814222367386,10.4602,12,0.8771833333333333,0.9482764045052968,986449.8063333334,790281846.98,,,477.0,13991890.0,0.000167,2.433980976088601,2.0662378142461746,2.8017241379310276,-4.629629629629617,65.94,48.98,2026-08-01,2026-09-18,0,CVM Informe Mensal — Percentual_Dividend_Yield_Mes,57.2,Oportunidade,,85.3,60.7,40.8,35.1,55.0,41.4
JPPA11,JPP CAPITAL RECEBÍVEIS IMOBILIÁRIOS FII RL,BRJPPACTF005,30982880000100,Multicategoria,Híbrido,74.99,97.6671719816382,14.1275,12,1.2599833333333332,0.7678117270980099,58131.077,88296006.83,,,5802.0,904050.0,0.000147,-5.849173684206943,0.08514054400818871,-11.783487912422075,2.054980947196494,88.43,71.55,2026-08-01,2026-09-18,0,CVM Informe Mensal — Percentual_Dividend_Yield_Mes,56.9,Oportunidade,,100.0,100.0,0.0,0.0,55.0,13.8
RBRY11,PATRIA CREDITO FII,BRRBRYCTF004,30166700000111,Multicategoria,Híbrido,82.0,100.427356,0.0,12,0.0,0.8165105929902207,3698736.655666667,1282408329.21,,,77075.0,12769512.0,0.000913,14.270550860114628,2.20935282660526,26.331748893623995,4.859335038363177,99.99,75.33,2026-08-01,2026-09-18,0,CVM Informe Mensal — Percentual_Dividend_Yield_Mes,56.9,Oportunidade,,100.0,0.0,74.6,47.5,55.0,80.9
RBRR11,PATRIA HIGH G FII,BRRBRRCTF008,29467977000103,Multicategoria,Híbrido,69.42,92.344388,0.0,12,0.0,0.7517511513531283,4673707.231000001,1505238923.48,,,143056.0,16300275.0,0.000753,9.737769301140586,8.337322798864433,11.13821580341674,-5.460983249353135,90.25,69.24,2026-08-01,2026-09-18,0,CVM Informe Mensal — Percentual_Dividend_Yield_Mes,56.9,Oportunidade,,100.0,0.0,80.6,51.6,55.0,65.8
SPDE11,WHG FINVEST SP REALTY FII,BRSPDECTF012,43741150000169,Residencial,Tijolo,1266.67,1435.00294337903,14.181000000000001,12,1.5960166666666666,0.8826950535845919,33088.93666666667,131159277.94,,,120.0,91400.00621264,0.001299,4.20526997056222,8.41053994112444,0.0,26.66826668266684,1266.67,999.99,2026-08-01,2025-02-19,576,CVM Informe Mensal — Percentual_Dividend_Yield_Mes,56.8,Oportunidade,preco_defasado,95.1,100.0,0.0,0.0,55.0,47.4
BCRI11,BANESTES RECEBIVEIS IMOBILIARIOS FII,BRBCRICTF009,22219335000138,Outros,Outros,53.69,84.4381726506754,11.3262,12,0.9009833333333334,0.6358498569375488,355262.7936666667,528403360.8,,,39771.0,6257873.0,0.000570892773171,-3.0129659065837364,1.328242618438935,-7.354174431606408,-6.949740034662055,71.92,52.8,2026-08-01,2026-09-18,0,CVM Informe Mensal — Percentual_Dividend_Yield_Mes,56.3,Oportunidade,,100.0,70.3,14.7,24.8,55.0,23.3
MCEM11,MERITO CEMITERIOS FII RESPONSABILIDADE LIMITADA,BRMCEMCTF006,46157247000117,Outros,Outros,26.97,27.7874650060942,14.4769,12,0.3892166666666666,0.9705815191880612,42025.24600000001,95069531.9,,,228.0,3421310.0,0.0,5.487430927705361,-9.025138144589274,19.999999999999996,-30.05705394190872,70.01,23.0,2026-08-01,2026-06-18,92,CVM Informe Mensal — Percentual_Dividend_Yield_Mes,56.1,Oportunidade,preco_defasado,81.9,100.0,0.0,0.0,55.0,51.6
WHGR11,WHG REAL ESTATE FII,BRWHGRCTF008,41256643000188,Multicategoria,Híbrido,8.6,9.52435015105729,12.385299999999999,12,1.0217666666666665,0.9029487433371317,305007.16033333336,294420321.58,,1.0,14927.0,30912378.9980901,0.000838,2.0245769738580774,-1.2931184587764322,5.3422724064925875,4.1162227602905554,9.72,8.14,2026-08-01,2026-09-18,0,CVM Informe Mensal — Percentual_Dividend_Yield_Mes,56.1,Oportunidade,,92.1,82.1,10.8,9.9,55.0,40.1
CFHI11,CF2 FUNDO DE INVESTIMENTO IMOBILIÁRIO,BRCFHICTF001,34508923000170,Multicategoria,Híbrido,20.1,26.5754222,18.60006,11,2.5704806666666666,0.7563379369378374,481.36799999999994,2514034.94,,1.0,96.0,94600.0,0.008594,,,,-96.78862438089152,626.2,16.8,2025-11-01,2025-12-05,287,CVM Informe Mensal — Percentual_Dividend_Yield_Mes,56.0,Oportunidade,preco_defasado,100.0,82.0,0.0,0.0,55.0,50.0
RZAK11,RIZA AKIN FII RL,BRRZAKCTF008,36642219000131,Multicategoria,Híbrido,76.8,88.140112,8.7292,12,0.3053833333333333,0.8713399411155729,1441443.2896666669,776327972.34,,,43105.0,8807885.0,0.000913,-1.6638400427924083,0.813134289401285,-4.1408143749861015,1.8432568624850765,87.67,73.68,2026-08-01,2026-09-18,0,CVM Informe Mensal — Percentual_Dividend_Yield_Mes,55.6,Oportunidade,,96.8,41.4,50.5,34.7,55.0,27.8
QAGR11,PATRIA AGRO FII RL,BRQAGRCTF005,32754734000152,Outros,Outros,41.0,66.392956,10.5066,12,0.4595833333333334,0.6175353903507474,779797.0882608693,362016487.07,,4.0,13273.0,5452634.0,0.000838,-3.631719326783533,7.740403559547682,-15.003842213114748,-3.393025447690856,42.78,39.5,2026-08-01,2025-02-03,592,CVM Informe Mensal — Percentual_Dividend_Yield_Mes,55.4,Oportunidade,preco_defasado,100.0,61.2,34.8,15.2,55.0,21.2
VRTM11,FATOR VERITA MULTIESTRATÉGIA FII,BRVRTMCTF003,51870412000113,Multicategoria,Híbrido,6.74,9.23674612435757,11.5077,12,0.9523,0.7296941920084198,190254.45633333334,433861465.21,,6.0,11646.0,46971245.0,0.00092,-0.25937233699953044,-0.527332050555529,0.00858737655646813,6.9841269841269815,7.44,6.22,2026-08-01,2026-09-18,0,CVM Informe Mensal — Percentual_Dividend_Yield_Mes,54.8,Oportunidade,,100.0,72.3,0.0,19.8,55.0,32.5
XPSF11,XP SELECTION FUNDO DE INVESTIMENTO IMOBILIÁRIO - FII,BRXPSFCTF009,30983020000190,Outros,Outros,6.39,7.52399620457557,10.291714,12,0.8860166666666668,0.8492827250649125,975464.269,325805137.01,,,52866.0,43302140.0,0.000659,-6.218138717072342,-2.208560882666477,-10.227716551478206,9.044368600682585,6.99,5.68,2026-08-01,2026-09-18,0,CVM Informe Mensal — Percentual_Dividend_Yield_Mes,54.4,Oportunidade,,100.0,58.8,40.5,12.5,55.0,12.6
HTMX11,HOTEL MAXINVEST FII,BRHTMXCTF000,08706065000169,Hotel,Tijolo,136.15,148.485945,12.4171,12,0.8731,0.9169218002417671,325772.44200000004,428841366.26,,5.0,33193.0,2888094.0,0.001211,-3.5400861584603374,2.265724173588679,-9.345896490509354,0.22820965842167418,151.79,131.15,2026-08-01,2026-09-18,0,CVM Informe Mensal — Percentual_Dividend_Yield_Mes,54.2,Oportunidade,,90.0,82.4,12.5,19.5,55.0,21.5
RMBS11,REC MASTER FUNDO DE CRI COTAS AMORTIZÁVEIS FII RESP LTDA,BRRMBSCTF007,58366499000135,Multicategoria,Híbrido,7.5,8.31756657001296,27.232599999999998,9,1.1802333333333332,0.9017060382828187,5856.730999999999,21095028.97,,,4393.0,2536202.0,0.0013260531682502,220477.3883227942,1754.7766455884198,439200.0,0.1335113484646211,10.0,7.21,2026-08-01,2026-09-18,0,CVM Informe Mensal — Percentual_Dividend_Yield_Mes,53.6,Risco,dy_parcial_9_meses,92.2,60.0,0.0,0.0,55.0,100.0
JSRE11,JS REAL ESTATE MULTIGESTÃO FUNDO DE INVESTIMENTO IMOBILIÁRIO,BRJSRECTF007,13371132000171,Multicategoria,Híbrido,60.29,101.470264131717,5.6436,12,0.47435000000000005,0.5941642166392557,2489703.5933333337,2107266257.47,,1.0,82623.0,20767328.0,0.000471,-2.4810961485561442,-0.4955734223811237,-4.466618874731165,5.883386020372328,70.42,55.82,2026-08-01,2026-09-18,0,CVM Informe Mensal — Percentual_Dividend_Yield_Mes,53.5,Oportunidade,,100.0,7.2,64.5,60.2,55.0,25.1
RBRL11,PÁTRIA LOGÍSTICA II FII,BRRBRLCTF001,35705463000133,Logística,Tijolo,76.76,93.3782934663868,6.7642,10,0.65215,0.8220325854169862,1286311.5796666667,624423916.65,,,15495.0,6687035.0,0.0007624949450276,3.8540028321397255,-11.146025171035422,18.854030835314873,9.625821193944596,95.0,68.04,2026-08-01,2026-09-18,0,CVM Informe Mensal — Percentual_Dividend_Yield_Mes,53.3,Oportunidade,,100.0,19.6,47.6,29.1,55.0,46.2
BPML11,BTGP SHOPPINGS FII,BRBPMLCTF006,33046142000149,Multicategoria,Híbrido,86.89,119.098929,8.1316,12,0.57495,0.7295615563427946,507166.192,886303862.35,,,6698.0,7441745.0,7e-05,4.26036745733755,-3.861815420895376,12.382550335570475,4.084810733109712,100.0,77.3,2026-08-01,2026-09-18,0,CVM Informe Mensal — Percentual_Dividend_Yield_Mes,53.2,Oportunidade,,100.0,34.8,23.8,38.1,55.0,47.5
AZPL11,AZ QUEST PANORAMA LOGISTICA FII RESP LIM,BRAZPLCTF000,51890054000100,Logística,Tijolo,7.26,8.635687,10.702393,12,0.9016706666666666,0.8406974453798521,437973.4626666667,362031212.81,,,5685.0,41922689.0,0.000917,-4.016005568632919,2.6654440936483947,-10.697455230914233,-1.224489795918371,8.15,7.2,2026-08-01,2026-09-18,0,CVM Informe Mensal — Percentual_Dividend_Yield_Mes,53.2,Oportunidade,,100.0,63.4,20.0,15.2,55.0,19.9
HDEL11,HEDGE DESENVOLVIMENTO LOGÍSTICO FUNDO DE INV IMOB,BRHDELCTF006,44514162000113,Logística,Tijolo,3.26,4.63873004761905,13.8472,12,0.0,0.7027785550213858,276.0336666666666,3896533.24,,1.0,131.0,840000.0,0.00124,-37.21614863009069,-95.72859355647769,21.2962962962963,-36.452241715399616,105.01,3.26,2026-08-01,2026-09-17,1,CVM Informe Mensal — Percentual_Dividend_Yield_Mes,52.9,Oportunidade,,100.0,98.3,0.0,0.0,55.0,0.0
TOPP11,PATRIA TOP OFF FII,BRTOPPCTF013,56805391000176,Outros,Outros,64.91,101.739812,9.930299999999999,12,0.8344833333333334,0.6379999994495763,671696.9283333332,460702284.05,,,4257.0,4528240.0,0.000551,-7.277550829809532,-5.033316324868798,-9.521785334750266,4.862681744749597,78.0,59.57,2026-08-01,2026-09-18,0,CVM Informe Mensal — Percentual_Dividend_Yield_Mes,52.9,Oportunidade,,100.0,54.8,31.0,21.3,55.0,9.1
HREC11,HEDGE RECEBÍVEIS IMOBILIÁRIOS FUNDO DE INVESTIMENTO IMOB,BRHRECCTF005,35507262000121,Multicategoria,Híbrido,8.0,8.86911777244854,11.776,12,1.0413,0.9020062880269321,187978.9616666666,458408485.05,,,2345.0,51685917.0,0.00067,-3.094696580362405,2.10157281502803,-8.29096597575284,-0.867410161090465,9.8,7.92,2026-08-01,2026-09-18,0,CVM Informe Mensal — Percentual_Dividend_Yield_Mes,52.9,Oportunidade,,92.2,75.3,0.0,21.2,55.0,23.0
PMIS11,PARAMIS HEDGE FUND FUNDO DE INVESTIMENTO IMOBILIÁRIO - FII,BRPMISCTF006,51868778000158,Outros,Outros,7.51,9.32278834595827,12.105699999999999,12,0.99315,0.8055529870798609,255175.82566666667,138007492.0,,,6285.0,14803242.0,0.000771,-4.8826884674088085,0.3333213916020705,-10.098698326419687,0.0,8.87,7.33,2026-08-01,2026-09-18,0,CVM Informe Mensal — Percentual_Dividend_Yield_Mes,52.9,Oportunidade,,100.0,79.0,6.2,0.0,55.0,17.1
PNCR11,PANORAMA CREDITO RESIDENCIAL FII,BRPNCRCTF009,50569855000106,Residencial,Tijolo,46.76,46.07409424,14.401,9,1.7457166666666666,1.0148870156063647,175384.325,23037047.12,,1.0,112.0,500000.0,0.0006180583790028,,,,-31.88638018936636,68.65,46.76,2025-09-01,2025-09-23,360,CVM Informe Mensal — Percentual_Dividend_Yield_Mes,52.1,Oportunidade,"preco_defasado,dy_parcial_9_meses",75.3,100.0,0.0,0.0,55.0,50.0
JSCR11,JS RECEBÍVEIS FUNDO DE INVESTIMENTO IMOBILIÁRIO,BRJSCRCTF001,54866214000174,Multicategoria,Híbrido,8.02,9.40808714330242,11.4082,12,0.8911833333333333,0.8524580903472397,283581.10466666665,208267765.9,,,3365.0,22137100.0,0.000838,-2.727611504128591,0.7860698309738012,-6.241292839230983,-0.7425742574257432,8.95,7.7,2026-08-01,2026-09-18,0,CVM Informe Mensal — Percentual_Dividend_Yield_Mes,52.1,Oportunidade,,99.6,71.2,8.9,1.0,55.0,24.2
PVBI11,VBI PRIME FII RL,BRPVBICTF003,35652102000176,Escritórios,Papel,67.3,104.760822,4.7649,12,0.3887666666666667,0.6424157305676734,3757770.7463333327,2842168108.17,,1.0,179517.0,27130067.0,0.000488,4.262716844190434,-2.8457601970200197,11.371193885400888,3.220858895705514,84.99,63.81,2026-08-01,2026-09-18,0,CVM Informe Mensal — Percentual_Dividend_Yield_Mes,52.1,Oportunidade,,100.0,0.0,75.0,67.8,70.0,47.5
RBRF11,RBR ALPHA FII,BRRBRFCTF003,27529279000151,Outros,Outros,6.65,8.571181,0.7963,10,0.0,0.7758557426333665,2538033.360333333,1172603582.62,,,111834.0,136807700.0,0.000745,,,,0.9104704097116834,7.29,5.99,2025-10-01,2025-10-02,351,CVM Informe Mensal — Percentual_Dividend_Yield_Mes,52.0,Oportunidade,preco_defasado,100.0,0.0,64.9,45.2,55.0,50.0
ITIP11,INTER TEVA ÍNDICE DE PAPEL FII,BRITIPCTF002,36312772000106,Outros,Outros,54.2,64.56614742,12.698853,12,1.0825506666666667,0.8394491876281753,42368.81166666666,48305227.76,,,6971.0,748151.0,0.00025,-11.407693684623045,-5.049668364881333,-17.765719004364755,-4.121705289226951,69.89,51.93,2026-08-01,2026-08-27,22,CVM Informe Mensal — Percentual_Dividend_Yield_Mes,51.9,Oportunidade,preco_defasado,100.0,85.5,0.0,0.0,55.0,0.0
GTWR11,FUNDO DE INVESTIMENTO IMOBILIÁRIO GREEN TOWERS,BRGTWRCTF003,23740527000158,Escritórios,Papel,78.01,101.361424045,8.9052,12,0.7397166666666667,0.7696221786048211,788338.5173333335,1216337088.54,,,32127.0,12000000.0,0.000325,-3.5363347849510838,1.5925756326564677,-8.665245202558635,-1.2531645569620165,87.08,75.23,2026-08-01,2026-09-18,0,CVM Informe Mensal — Percentual_Dividend_Yield_Mes,51.9,Oportunidade,,100.0,43.4,35.1,46.1,70.0,21.5
VCRI11,VINCI CREDIT SECURITIES FUNDO DE INVESTIMENTO IMOBILIARIO,BRVCRICTF007,41081374000166,Outros,Outros,7.54,9.55684184704548,11.6546,12,0.9802333333333334,0.7889635635574538,241462.47000000003,196332538.25,,,12348.0,20543663.0,0.000794584389274,-5.018657985064945,1.8822218000391633,-11.919537770169054,4.576976421636614,7.98,6.85,2026-08-01,2026-09-18,0,CVM Informe Mensal — Percentual_Dividend_Yield_Mes,51.4,Oportunidade,,100.0,73.9,4.8,0.0,55.0,16.6
AERO11,FII HCO OPPS AERO I,BRAEROCTF005,57927297000152,Logística,Tijolo,100.01,96.968941,-0.2828,12,-0.0001333333333333333,1.0313611654271857,9404200.29,60824834.99,,,44.0,627261.0,0.001504,23.048977448864285,12.76462156439524,33.33333333333333,0.28075804672615945,100.01,99.73,2026-08-01,2026-01-28,233,CVM Informe Mensal — Percentual_Dividend_Yield_Mes,51.2,Oportunidade,preco_defasado,72.8,0.0,98.4,0.0,55.0,100.0
HPDP11,HEDGE SHOPPING PARQUE DOM PEDRO FII,BRHPDPCTF003,35586415000173,Shoppings,Tijolo,88.87,94.0543926670176,8.1253,12,0.64725,0.9448787821598935,24234.143333333337,663176770.26,,,564.0,7050992.0,0.000419,88.53246302819406,118.1916866197684,58.87323943661973,-0.7704332291201377,100.0,82.01,2026-08-01,2026-09-18,0,CVM Informe Mensal — Percentual_Dividend_Yield_Mes,51.2,Oportunidade,,85.8,34.7,0.0,30.6,55.0,100.0
RSPD11,RB CAPITAL DESENVOLVIMENTO RESIDENCIAL III FII - FII,BRRSPDCTF006,19249989000108,Residencial,Tijolo,680.0,734.115839434673,11.4835,12,1.0846333333333333,0.926284332079871,23536.666,109391335.35,,1.0,192.0,149011.0,0.0,8.763952645974177,-20.601591110929352,38.129496402877706,-5.555555555555558,1149.0,642.1,2026-08-01,2026-09-15,3,CVM Informe Mensal — Percentual_Dividend_Yield_Mes,51.1,Oportunidade,,88.6,72.0,0.0,0.0,55.0,62.5
MCCI11,MAUA CAP RE FII RL,BRMCCICTF008,23648935000184,Multicategoria,Híbrido,94.9,94.007759,3.7297,12,0.0,1.0094911421088126,5382100.627666667,1594373850.45,,,125253.0,16960024.0,0.000784,7.2634409085412415,0.6977713441463473,13.829110472936135,2.650081124932391,97.89,85.75,2026-08-01,2026-09-18,0,CVM Informe Mensal — Percentual_Dividend_Yield_Mes,50.9,Oportunidade,,76.1,0.0,84.2,53.1,55.0,57.5
GLCR11,FII GALAPAGOS HEDGE FUND,BRGLCRCTF002,59669570000111,Multicategoria,Híbrido,95.02,94.38903309,10.784216,12,0.9013131666666667,1.00668474810414,6856.516333333333,47016121.27,,,908.0,498110.0,0.000354,24.457481454099373,30.992884986120828,17.922077922077918,-4.980000000000007,101.95,94.37,2026-08-01,2026-09-14,4,CVM Informe Mensal — Percentual_Dividend_Yield_Mes,50.7,Oportunidade,,76.5,64.3,0.0,0.0,55.0,100.0
WSEC11,WARREN SECURITIES FII,BRWSECCTF010,43440579000116,Outros,Outros,1.41,1.4667519,11.95594,10,1.4269063333333332,0.961307771273383,15824.421999999999,3603090.71,,,918.0,2456510.0,0.003041,,,,-43.145161290322584,9.8,1.41,2025-10-01,2025-11-18,304,CVM Informe Mensal — Percentual_Dividend_Yield_Mes,50.6,Oportunidade,preco_defasado,83.3,77.3,0.0,0.0,55.0,50.0
PATA11,PATAGONIA CAPITAL MULTIESTRATEGIA FII,BRPATACTF006,53764894000152,Outros,Outros,9.79,10.1271053350544,10.193299999999999,12,0.7994499999999999,0.9667125675204019,56093.99366666667,17236404.17,,,424.0,1702007.0,0.0010506599764885,32.59736991543543,0.8536545595530187,64.34108527131784,4.038257173219972,10.8,8.53,2026-08-01,2026-09-18,0,CVM Informe Mensal — Percentual_Dividend_Yield_Mes,50.5,Oportunidade,,82.5,57.7,0.0,0.0,55.0,100.0
PQDP11,PDPSC FII,BRPQDPCTF004,10869155000112,Shoppings,Tijolo,2479.97,2607.178881,7.397799999999999,12,0.7025833333333332,0.9512082266671291,252827.71933333337,675530476.82,,,2902.0,259104.0,0.000203,44.198761852315336,100.37811211834011,-11.980588413709437,-0.7940571721164025,2735.0,2200.0,2026-08-01,2026-09-18,0,CVM Informe Mensal — Percentual_Dividend_Yield_Mes,50.3,Oportunidade,,84.8,26.6,6.0,31.1,55.0,100.0
HGFF11,PATRIA IMOBILIÁRIO FOF - FUNDO DE INVESTIMENTO IMOBILIÁRIO,BRHGFFCTF008,32784898000122,Outros,Outros,62.38,71.1778980038043,9.2856,9,1.1058333333333332,0.876395647377307,522215.10800000007,203824815.19,,,14789.0,2863597.0,0.0006120858732716,,,,-5.413191811978768,74.19,61.37,2025-09-01,2025-08-18,396,CVM Informe Mensal — Percentual_Dividend_Yield_Mes,50.2,Oportunidade,"preco_defasado,dy_parcial_9_meses",96.0,47.6,24.5,0.5,55.0,50.0
GRUL11,ICATU VAN GRU LOG FII,BRGRULCTF004,54483412000159,Logística,Tijolo,8.08,9.689353,9.976567,12,0.8282543333333333,0.8339050089309369,212860.4566666667,239327015.91,,,5094.0,24700000.0,0.001075,4.780310603706173,1.1084176732415907,8.452203534170755,-0.36991368680640013,9.32,7.79,2026-08-01,2026-09-18,0,CVM Informe Mensal — Percentual_Dividend_Yield_Mes,50.2,Oportunidade,,100.0,55.3,1.6,4.6,55.0,49.3
RBIR11,RB CAPITAL DESENVOLVIMENTO RESIDENCIAL IV FII,BRRBIRCTF007,31161410000148,Residencial,Tijolo,72.1,78.3953481288617,13.7654,12,0.9516333333333334,0.9196974274734544,77007.00066666667,119836305.08,,1.0,,1528615.0,0.000172,-19.581429414378903,-19.581429414378903,,-2.5675675675675746,99.22,70.38,2026-08-01,2026-09-18,0,CVM Informe Mensal — Percentual_Dividend_Yield_Mes,50.1,Oportunidade,,89.5,97.4,0.0,0.0,55.0,0.0
VPSI11,FUNDO DE INVESTIMENTO IMOBILIARIO POLO SHOPPING INDAIATUBA,BRVPSICTF007,14721889000100,Shoppings,Tijolo,21.85,33.6051474963072,9.6889,12,0.7973333333333333,0.6501980091710966,22.718333333333334,271257289.26,,,125.0,8071897.0,0.0001251046933801,5.499548309250734,9.373080358338859,1.6260162601626105,-12.599999999999989,25.0,21.85,2026-08-01,2026-08-18,31,CVM Informe Mensal — Percentual_Dividend_Yield_Mes,50.0,Oportunidade,preco_defasado,100.0,52.1,0.0,7.8,55.0,51.7
PDBM11,PDB MALLS FII RESPONSABILIDADE LTDA,BRPDBMCTF003,56978773000100,Outros,Outros,115.0,113.116028794118,13.6533,12,1.0296666666666667,1.0166552099288335,3277.1740000000004,38459449.79,,,120.0,340000.0,0.0003416923557605,-6.239495665499939,-4.786683638692191,-7.692307692307687,0.0,115.0,100.0,2026-08-01,2026-09-03,15,CVM Informe Mensal — Percentual_Dividend_Yield_Mes,49.5,Oportunidade,preco_defasado,75.0,96.1,0.0,0.0,55.0,12.5
KISU11,KILIMA FIC FII,BRKISUCTF000,36669660000107,Multicategoria,Híbrido,6.02,7.554877,7.1651,12,0.33521666666666666,0.7968362688102003,415224.16033333325,449848841.91,,,98266.0,59544167.0,0.00048,11.31929743039251,28.270017121420764,-5.631422260635743,0.3333333333333188,7.38,5.82,2026-08-01,2026-09-18,0,CVM Informe Mensal — Percentual_Dividend_Yield_Mes,49.5,Oportunidade,,100.0,24.1,18.7,20.7,55.0,71.1
KNPR11,KINEA PREMIUM PROPERTIES FII RESPONSABILIDADE LIMITADA,BRKNPRCTF002,42737059000107,Multicategoria,Híbrido,25.6,27.4999740477418,9.291599999999999,12,1.0719999999999998,0.9309099694260323,15317.909666666666,15947537.45,,,2008.0,579911.0,0.000542,83.64788324346898,-70.7513715602001,238.04713804713805,-24.193070772875338,92.17,24.99,2026-08-01,2026-09-18,0,CVM Informe Mensal — Percentual_Dividend_Yield_Mes,49.4,Oportunidade,,87.9,47.7,0.0,0.0,55.0,100.0
VGIR11,VALORA CRI CDI FII,BRVGIRCTF008,29852732000191,Multicategoria,Híbrido,9.67,9.800587,0.0,12,0.0,0.9866755940230927,4128119.230666667,1431878378.18,,,279240.0,146101287.0,0.000849,4.358532031867824,0.26044632243287236,8.456617741302775,3.201707577374613,9.98,9.06,2026-08-01,2026-09-18,0,CVM Informe Mensal — Percentual_Dividend_Yield_Mes,49.3,Oportunidade,,79.5,0.0,77.4,50.3,55.0,47.9
RBRK11,PATRIA PRIME FII,BRRBRKCTF003,53391653000105,Escritórios,Papel,107.0,115.83696,-2.0379,12,-0.03348333333333333,0.9237120863669074,7584583.256,212304127.14,,,19.0,1832784.0,0.000857,17.54927331734909,29.542991079142624,5.555555555555558,7.000000000000006,107.0,98.0,2026-08-01,2026-05-26,115,CVM Informe Mensal — Percentual_Dividend_Yield_Mes,49.2,Oportunidade,preco_defasado,88.9,0.0,92.9,1.5,70.0,91.8
TMPS11,ITAÚ TEMPUS FUNDO DE INVESTIMENTO IMOBILIÁRIO,BRTMPSCTF003,42737077000199,Outros,Outros,72.7,76.2944637516242,12.9911,12,1.1219333333333332,0.9528869648612258,207329.15433333334,74689838.59,,,1879.0,978968.0,0.0008,-10.19110566665532,-17.68930610286009,-2.6929052304505485,0.3312172232956323,89.99,71.06,2026-08-01,2026-09-18,0,CVM Informe Mensal — Percentual_Dividend_Yield_Mes,49.0,Oportunidade,,84.6,88.8,0.9,0.0,55.0,0.0
RBHG11,RIO BRAVO CRÉDITO IMOBILIÁRIO HIGH GRADE FII,BRRBHGCTF002,30647758000187,Outros,Outros,57.7,86.5655352896759,10.3173,12,0.7909333333333333,0.666547024828269,477908.434,187670358.19,,,6857.0,2167957.0,0.0006761928800259,-8.840813144346809,-0.31599601633883756,-17.36563027235478,6.26151012891345,74.65,52.23,2026-08-01,2026-09-18,0,CVM Informe Mensal — Percentual_Dividend_Yield_Mes,49.0,Oportunidade,,100.0,59.1,22.3,0.0,55.0,3.9
FMOF11,FII MEMORIAL OFFICE RESP LTDA,BRFMOFCTF010,01633741000172,Escritórios,Papel,39.5,45.2359152021228,10.8461,12,0.0351,0.8731999744783847,679.5416666666665,22980206.81,,,356.0,508008.0,0.000933,3.1378613876504886,-60.8604274594408,67.13615023474178,-17.06907411295403,79.78,32.13,2026-08-01,2026-09-16,2,CVM Informe Mensal — Percentual_Dividend_Yield_Mes,48.9,Oportunidade,,96.5,65.0,0.0,0.0,70.0,43.8
RBFM11,RIO BRAVO FUNDOS DE INVESTIMENTO IMOBILIÁRIO - FII,BRRBFMCTF004,17329029000114,Outros,Outros,9.87,12.1495543307066,10.8022,12,0.8422000000000001,0.8123754774325105,319905.0266666667,227756456.7,,,20565.0,18746075.0,0.00051,-11.004462141206101,0.5042633588839607,-22.513187641296163,1.4388489208633004,11.81,9.33,2026-08-01,2026-09-18,0,CVM Informe Mensal — Percentual_Dividend_Yield_Mes,48.9,Oportunidade,,100.0,64.5,12.0,3.3,55.0,0.0
BTSI11,BTSP II FUNDO DE INVESTIMENTO IMOBILIÁRI,BRBTSICTF001,36930464000144,Outros,Outros,110.0,123.74920095,7.413016,12,0.6691026666666667,0.8888946284545686,155350.535,788772580.62,,,225.0,6373961.0,0.000342,13.41546221689165,14.330924433783299,12.5,3.7540086776080006,111.6,102.5,2026-08-01,2026-09-17,1,CVM Informe Mensal — Percentual_Dividend_Yield_Mes,48.8,Oportunidade,,94.2,26.8,0.0,35.1,55.0,78.1
URHF11,URCA HEDGE FUND MULTIESTRATÉGIA IMOBILIÁ,BRURHFCTF004,52649350000187,Multicategoria,Híbrido,55.2,101.773787,12.034916,12,0.8548951666666667,0.5423793456757191,16769.683333333334,11237556.24,,,330.0,110417.0,0.000285,32.03350422600726,6.172271609909252,57.89473684210527,-3.157894736842104,86.0,54.03,2026-08-01,2026-09-18,0,CVM Informe Mensal — Percentual_Dividend_Yield_Mes,48.5,Risco,,53.8,78.2,0.0,0.0,55.0,100.0
GSFI11,FII PLANNER 2557 - GSFI FII,BRGSFICTF009,11769604000113,Shoppings,Tijolo,11.09,12.8433738308017,0.0,12,0.0,0.8634802775422872,649635.3473333333,1234333839.07,,,6838.0,96106666.0,8.33615321423305e-05,2.7655449389903106,-2.5454076722011387,8.07649755018176,-0.18001800180017513,12.29,9.1,2026-08-01,2026-09-18,0,CVM Informe Mensal — Percentual_Dividend_Yield_Mes,48.5,Oportunidade,,98.0,0.0,30.1,46.5,55.0,42.6
KFEN11,KINEA FÊNIX FII RESPONSABILIDADE LIMITADA,BRKFENCTF001,55753193000143,Multicategoria,Híbrido,1100.0,937.076068927686,12.7711,12,1.2695333333333332,1.173864146652204,10819.91,167409576.79,,,234.0,178651.0,0.00056,40.43026297155588,-0.5348228940975419,81.3953488372093,22.222222222222232,1100.0,900.0,2026-08-01,2025-05-02,504,CVM Informe Mensal — Percentual_Dividend_Yield_Mes,48.4,Oportunidade,preco_defasado,45.2,86.3,0.0,0.0,55.0,100.0
ZAVI11,FII ZAVIT REAL ESTATE FUND,BRZAVICTF004,40575940000123,Multicategoria,Híbrido,9.55,14.06599514,10.060465,12,0.8689966666666668,0.6789423645428617,63304.613000000005,165039415.53,,2.0,2519.0,11733220.0,0.000119,1.354951766040191,3.7703905705721352,-1.060487038491753,4.257641921397393,99.14,8.67,2026-08-01,2026-09-18,0,CVM Informe Mensal — Percentual_Dividend_Yield_Mes,48.3,Oportunidade,,100.0,56.2,0.0,0.0,55.0,37.8
AURB11,ALIANZA URBAN FII RL,BRAURBCTF008,41076823000188,Logística,Tijolo,88.88,82.750093,7.3463,12,0.66705,1.0740773427287869,6389066.298333333,89848396.29,,,21.0,1085780.0,0.000356,5.4856478745714305,5.9712957491428575,5.000000000000004,22.762430939226498,88.88,66.98,2026-08-01,2026-09-11,7,CVM Informe Mensal — Percentual_Dividend_Yield_Mes,48.2,Oportunidade,,65.2,26.1,88.5,0.0,55.0,51.6
NEWL11,NEWPORT LOGISTICA FII,BRNEWLCTF004,32527626000147,Multicategoria,Híbrido,105.97,131.775265115243,9.1884,12,0.7732166666666666,0.8041721631698088,513541.1366666667,370313927.6,,,6925.0,2810193.0,0.0006158668173192,-14.194842404548464,1.4482077947531202,-29.837892603850047,3.5976146250855434,129.9,96.0,2026-08-01,2026-09-18,0,CVM Informe Mensal — Percentual_Dividend_Yield_Mes,48.1,Oportunidade,,100.0,46.5,24.1,15.7,55.0,0.0
APTO11,NAVI RESIDENCIAL FUNDO DE INVESTIMENTO IMOBILIÁRIO,BRAPTOCTF007,42432327000182,Residencial,Tijolo,7.98,9.9376790192677,10.8132,12,0.915,0.8030044021876691,30831.368666666665,45834831.49,,,7374.0,4612227.0,0.0012757079735911,-4.466749450611685,1.4892416235579686,-10.422740524781338,-1.4814814814814725,9.24,7.88,2026-08-01,2026-09-18,0,CVM Informe Mensal — Percentual_Dividend_Yield_Mes,48.0,Oportunidade,,100.0,64.6,0.0,0.0,55.0,18.4
LPLP11,LAGO DA PEDRA - FUNDO DE INVESTIMENTO IMOBILIÁRIO,BRLPLPCTF008,37262752000130,Residencial,Tijolo,290.0,274.558153776655,23.8337,12,2.2296666666666667,1.0562425337253196,1619.9263333333333,220015529.18,,,32.0,801344.0,5.5e-05,61.81294605958598,23.625892119171965,100.0,51.83246073298429,560.0,191.0,2026-08-01,2026-09-03,15,CVM Informe Mensal — Percentual_Dividend_Yield_Mes,47.8,Oportunidade,preco_defasado,68.8,60.0,0.0,2.4,55.0,100.0
VGIP11,VALORA CRI FII RL,BRVGIPCTF002,34197811000146,Multicategoria,Híbrido,73.9,90.803663,0.0,12,0.0,0.8138438203753962,1535555.287,1070325205.3,,,81504.0,11787247.0,0.000719,-0.9532596280998118,2.033513980096302,-3.9400332362959256,-0.13513513513512265,85.54,71.92,2026-08-01,2026-09-18,0,CVM Informe Mensal — Percentual_Dividend_Yield_Mes,47.8,Oportunidade,,100.0,0.0,52.1,42.9,55.0,30.2
HLOG11,HEDGE LOGÍSTICA FUNDO DE INVESTIMENTO IMOBILIÁRIO,BRHLOGCTF008,27486542000172,Logística,Tijolo,9.25,11.8500979531765,7.5865,12,0.6486,0.780584264919133,59100.41433333334,503629163.01,,,3978.0,42500000.0,0.00067,5.642954008873346,7.421678252733632,3.864229765013061,-2.116402116402105,9.98,8.32,2026-08-01,2026-09-18,0,CVM Informe Mensal — Percentual_Dividend_Yield_Mes,47.8,Oportunidade,,100.0,28.7,0.0,23.6,55.0,52.1
CXCO11,FII CAIXA IMÓVEIS CORPORATIVOS,BRCXCOCTF003,38658984000175,Multicategoria,Híbrido,70.95,97.18084704,9.389935,12,0.7824536666666666,0.730082132035716,178663.4326666667,381386234.21,,,11694.0,3924500.0,0.000125,-2.5811419826620385,1.0004507482050506,-6.162734713529128,2.0863309352518122,76.99,57.02,2026-08-01,2026-09-18,0,CVM Informe Mensal — Percentual_Dividend_Yield_Mes,47.6,Oportunidade,,100.0,48.8,0.0,16.5,55.0,24.7
ARRI11,OPEN K ATIVOS E RECEBIVEIS IMOBILIARIOS,BRARRICTF009,32006821000121,Multicategoria,Híbrido,4.71,8.49421025588252,10.1067,12,0.7933666666666666,0.5544953395447412,198314.5006666667,176059266.63,,,22659.0,20726973.0,0.000109,-1.9561866532577188,0.2535884596831739,-4.1659617661986115,4.434589800443467,7.07,3.8,2026-08-01,2026-09-18,0,CVM Informe Mensal — Percentual_Dividend_Yield_Mes,47.4,Oportunidade,,100.0,56.7,0.0,0.0,55.0,26.8
LSOI11,LCP SPECIAL OPPORTUNITIES I FII RESPONSABILIDADE ILIMITADA,BRLSOICTF001,53087126000101,Residencial,Tijolo,15.32,15.3913333084822,0.0,12,0.0,0.9953653587345233,2371949.553333333,82578889.73,,,40.0,5365285.0,0.000182,75.93468747079989,29.647152719377544,122.22222222222223,24.959216965742257,15.32,12.02,2026-08-01,2026-09-14,4,CVM Informe Mensal — Percentual_Dividend_Yield_Mes,47.3,Oportunidade,,78.2,0.0,63.2,0.0,55.0,100.0
EGDB11,FII DE DESENVO DE ESCRITÓRIOS BOUTIQUE RESPONSABILIDADE LTDA,BREGDBCTF009,53866393000187,Escritórios,Papel,1292.68,1423.24181444218,,0,,0.9082644894793568,65508.530333333336,166072394.36,,,2843.0,116686.0,0.0008445467444514,58.58583288570811,97.61741850480563,19.55424726661059,1.2643552101775146,1292.68,1083.08,2026-08-01,2026-09-15,3,CVM Informe Mensal — Percentual_Dividend_Yield_Mes,47.3,Oportunidade,,91.3,35.0,0.0,0.0,70.0,100.0
BBRC11,BB RENDA CORPORATIVA FUNDO DE INVESTIMENTO IMOBILIÁRIO - FII,BRBBRCCTF004,12681340000104,Outros,Outros,102.5,104.042592352201,12.0494,12,1.00905,0.9851734533201646,76426.81333333332,165427721.84,,,8428.0,1590000.0,9.2e-05,-3.1199319281793367,-1.1604630229314905,-5.079400833427183,0.16612918987588543,110.89,95.0,2026-08-01,2026-09-18,0,CVM Informe Mensal — Percentual_Dividend_Yield_Mes,47.3,Oportunidade,,79.7,78.3,0.0,0.0,55.0,22.9
PMFO11,SPECIALE REAL ESTATE FOF FII,BRPMFOCTF001,50135849000140,Outros,Outros,83.78,84.33705842,11.410786,12,0.956645,0.993394855945463,259761.8084,82305125.67,,,197.0,975907.0,0.000283,-0.5556321191515945,-2.657655990880503,1.546391752577314,-4.196683819325331,91.37,81.8,2026-08-01,2026-08-31,18,CVM Informe Mensal — Percentual_Dividend_Yield_Mes,47.1,Oportunidade,preco_defasado,78.5,71.2,6.7,0.0,55.0,31.5
BCIA11,BRADESCO CARTEIRA IMOBILIÁRIA ATIVA FII,BRBCIACTF005,20216935000117,Multicategoria,Híbrido,87.89,96.3424919024758,10.2723,12,0.8638166666666667,0.9122662105207745,260684.88066666664,358301388.4,,,18963.0,3719038.0,0.000468,-6.8567282665702,-1.8192038731952298,-11.89425265994517,1.9605568445475674,98.6,82.51,2026-08-01,2026-09-18,0,CVM Informe Mensal — Percentual_Dividend_Yield_Mes,47.1,Oportunidade,,90.7,58.6,6.8,14.9,55.0,10.5
SADI11,SAM - SANTANDER PAPEIS IMOBILIARIOS CDI FII RL,BRSADICTF007,32903521000145,Multicategoria,Híbrido,8.62,8.72679754165472,10.9763,11,0.9842166666666667,0.9877621153527447,124205.56366666665,135150517.24,,,10994.0,15486840.0,0.000759,,,,-0.691244239631339,8.85,7.8,2025-11-01,2025-10-17,336,CVM Informe Mensal — Percentual_Dividend_Yield_Mes,46.9,Oportunidade,preco_defasado,79.3,66.4,0.0,0.0,55.0,50.0
RZZI11,RAIZZ DESENV II FII,BRRZZICTF009,54134474000155,Logística,Tijolo,1050.0,1306.068945,-0.0036,12,-0.0006,0.8039391825521125,731750.0,145680236.17,,,116.0,111541.0,0.000192,15.777433962379973,30.685302707368646,0.8695652173912993,5.000000000000004,1050.0,1000.0,2026-08-01,2026-07-16,64,CVM Informe Mensal — Percentual_Dividend_Yield_Mes,46.8,Oportunidade,preco_defasado,100.0,0.0,33.2,0.0,55.0,85.9
HCRI11,HOSPITAL CRIANCA FII,BRHCRICTF006,04066582000160,Hospital,Tijolo,279.32,329.297998,9.4115,12,-0.00018333333333333334,0.8482286612626172,17889.108666666667,65859599.69,,,3008.0,200000.0,0.000372,0.9927839444422881,1.0459705734483293,0.9395973154362469,3.1233847744222,328.88,250.13,2026-08-01,2026-09-18,0,CVM Informe Mensal — Percentual_Dividend_Yield_Mes,46.7,Oportunidade,,100.0,49.0,0.0,0.0,55.0,36.6
DAMT11,DIAMANTE FII RL,BRDAMTCTF007,26642727000166,Shoppings,Tijolo,11.01,13.949455,9.0399,12,0.74225,0.7892781474258312,340.46299999999997,248017785.12,,,558.0,17779747.0,0.000129,0.8073979265606879,-3.0756356665784357,4.690431519699811,-21.244635193133053,23.23,7.08,2026-08-01,2026-09-18,0,CVM Informe Mensal — Percentual_Dividend_Yield_Mes,46.7,Oportunidade,,100.0,44.9,0.0,5.5,55.0,36.0
FIIB11,F.I.I. INDUSTRIAL DO BRASIL RESPONSABILIDADE LIMITADA,BRFIIBCTF001,14217108000145,Logística,Tijolo,421.63,593.635850934307,6.8065999999999995,12,0.46125,0.7102502305688045,234232.27333333337,406640557.89,,,13627.0,685000.0,0.000171,7.593276669920567,24.72585233081299,-9.539298990971856,-0.22717054355284594,510.5,417.12,2026-08-01,2026-09-18,0,CVM Informe Mensal — Percentual_Dividend_Yield_Mes,46.5,Oportunidade,,100.0,20.1,4.0,18.1,55.0,58.6
JASC11,JASC RENDA FII RL,BRJASCCTF007,40886241000102,Varejo,Tijolo,100.0,114.536295,7.5588,12,0.6259666666666667,0.8730856886893364,39483.19933333333,441100689.99,,,165.0,3851187.0,0.000467,5.828609250670292,11.657218501340584,0.0,0.725221595487513,108.0,81.0,2026-08-01,2026-09-16,2,CVM Informe Mensal — Percentual_Dividend_Yield_Mes,46.4,Oportunidade,,96.5,28.4,0.0,20.2,55.0,52.8
NSLU11,HNS LOURDES FII,BRNSLUCTF008,08014513000163,Hospital,Tijolo,180.79,252.595835,7.066,12,-4.9999999999999996e-05,0.7157283492025908,116689.47533333332,326678657.47,,,5227.0,1293286.0,0.000251,8.998724002759722,20.113552874433303,-2.1161048689138595,5.3247888144480005,220.4,168.49,2026-08-01,2026-09-18,0,CVM Informe Mensal — Percentual_Dividend_Yield_Mes,46.1,Oportunidade,,100.0,23.0,0.0,12.5,55.0,63.3
SPTW11,SP DOWNTOWN FUNDO DE INVESTIMENTO IMOBILIÁRIO - FII,BRSPTWCTF002,15538445000105,Outros,Outros,33.9,53.8041365406007,10.6182,12,0.9557333333333333,0.6300630802692837,100568.67733333333,96739837.5,,,16124.0,1798000.0,0.0003423282574771,-10.868221064934147,-7.951820164303114,-13.78462196556518,8.479999999999999,44.43,27.51,2026-08-01,2026-09-18,0,CVM Informe Mensal — Percentual_Dividend_Yield_Mes,46.1,Oportunidade,,100.0,62.4,0.0,0.0,55.0,0.0
CXCI11,FUNDO DE INVESTIMENTO IMOBILIÁRIO CAIXA CARTEIRA IMOBILIÁRIA,BRCXCICTF005,42066916000194,Multicategoria,Híbrido,64.59,77.1519867173764,9.9942,12,0.7492,0.8371787007456652,78827.63299999999,158757649.02,,,5343.0,2057726.0,0.0006,-4.9569344585472574,-7.824808994059884,-2.0890599230346307,0.38856077090456687,77.01,63.2,2026-08-01,2026-09-18,0,CVM Informe Mensal — Percentual_Dividend_Yield_Mes,46.1,Oportunidade,,100.0,55.5,0.0,0.0,55.0,16.8
TRXB11,TRX REAL ESTATE II FUNDO DE INVESTIMENTO IMOBILIÁRIO - FII,BRTRXBCTF002,36368925000137,Multicategoria,Híbrido,180.96,102.235281326564,34.036500000000004,12,2.498016666666667,1.7700347438959978,5151768.135666667,415690903.05,,3.0,901.0,4066022.0,0.0001676855314575,53.0286043498312,6.720925513821685,99.33628318584071,-2.183783783783777,209.89,147.01,2026-08-01,2026-09-18,0,CVM Informe Mensal — Percentual_Dividend_Yield_Mes,45.8,Risco,dy_extremo,0.0,60.0,83.0,18.7,55.0,100.0
HUCG11,F.I.I HOSPITAL UNIMED CAMPINA GRANDE RESPONS.LIMITADA,BRHUCGCTF004,39347413000182,Hospital,Tijolo,84.87,127.149466749015,6.9616,12,0.4896666666666667,0.6674821544279694,3212.6356666666666,142464365.72,,,249.0,1120448.0,0.000607,14.713365205901528,22.559777622103482,6.866952789699576,-0.15294117647057792,117.14,80.08,2026-08-01,2026-09-18,0,CVM Informe Mensal — Percentual_Dividend_Yield_Mes,45.8,Oportunidade,,100.0,21.8,0.0,0.0,55.0,82.4
BIPD11,BRIO REAL ESTATE IV - FII,BRBIPDCTF001,42869892000101,Residencial,Tijolo,989.33,1092.56194541783,6.5816,11,0.7270499999999999,0.9055138742011092,970267.8066666666,120661448.69,,,112.0,110439.0,0.0016684480601357,4.910209738720772,9.820419477441543,0.0,-1.0669999999999957,1000.0,989.33,2026-08-01,2026-03-20,182,CVM Informe Mensal — Percentual_Dividend_Yield_Mes,45.7,Oportunidade,preco_defasado,91.7,17.6,40.4,0.0,55.0,49.7
MMPD11,MAUA MPD FII RL,BRMMPDCTF000,41080968000152,Multicategoria,Híbrido,67.92,67.281906,22.798599999999997,12,2.6968833333333326,1.0094838870943994,1008803.42,35692849.41,,,104.0,530497.0,0.001992,-19.029726565707815,-40.02023744514111,1.9607843137254832,1.0113027959548049,67.92,67.24,2026-08-01,2026-07-10,70,CVM Informe Mensal — Percentual_Dividend_Yield_Mes,45.7,Oportunidade,preco_defasado,76.1,60.0,41.4,0.0,55.0,0.0
TGAR11,FII TG ATIVO REAL,BRTGARCTF009,25032881000153,Multicategoria,Híbrido,44.6,106.63635904,8.894011,12,0.6579528333333333,0.41824383729446585,3594404.797333333,2513202336.34,,1.0,127101.0,23567968.3637,5.2e-05,-10.08388554561282,-2.7673967638451535,-17.400374327380487,-1.5452538631346435,94.5,42.32,2026-08-01,2026-09-18,0,CVM Informe Mensal — Percentual_Dividend_Yield_Mes,45.7,Risco,,34.3,43.3,73.8,64.7,55.0,0.0
BROF11,BRPR CORPORATE FII,BRBROFCTF000,48978859000104,Multicategoria,Híbrido,61.0,108.507867,5.7126,12,0.43135000000000007,0.5621712202673746,311713.926,1259864444.85,,1.0,10691.0,11610812.0,6.6e-05,2.95443705769185,-0.39519270374726023,6.30406681913096,7.716757902171989,66.14,51.04,2026-08-01,2026-09-18,0,CVM Informe Mensal — Percentual_Dividend_Yield_Mes,45.6,Oportunidade,,100.0,7.9,11.3,47.0,55.0,43.2
BNFS11,BANRISUL NOVAS FRONTEIRAS FII,BRBNFSCTF000,15570431000160,Varejo,Tijolo,38.26,68.8274948285714,10.5211,12,0.7081666666666666,0.5558825015394524,33476.01266666667,48179246.38,,,4861.0,700000.0,0.000564,-14.852340216900089,-12.13642538886207,-17.56825504493811,-3.383838383838389,79.98,37.49,2026-08-01,2026-09-18,0,CVM Informe Mensal — Percentual_Dividend_Yield_Mes,45.5,Oportunidade,,100.0,61.3,0.0,0.0,55.0,0.0
LASC11,LEGATUS FII RL,BRLASCCTF003,30248158000146,Shoppings,Tijolo,110.86,131.851426,5.9027,12,0.47426666666666667,0.8407948504098848,49051.787000000004,387682484.72,,,577.0,2940298.0,0.000858,12.808624386394058,-3.1773940843547455,28.79464285714286,-0.12612612612612484,119.04,87.0,2026-08-01,2026-09-18,0,CVM Informe Mensal — Percentual_Dividend_Yield_Mes,45.4,Oportunidade,,100.0,10.0,0.0,16.9,55.0,76.0
FLCR11,FARIA LIMA CAPITAL RECEBÍVEIS IMOBILIÁRIOS I - FII,BRFLCRCTF004,33884145000151,Outros,Outros,90.98,93.9146932874373,11.5637,10,1.1771666666666667,0.968751500061281,81540.90133333336,70609198.66,,,2595.0,751844.0,0.0009123079035379,-6.566035355402855,-0.4176408419863331,-12.714429868819376,0.585959093421784,98.05,82.57,2026-08-01,2026-09-18,0,CVM Informe Mensal — Percentual_Dividend_Yield_Mes,45.4,Oportunidade,,82.2,72.9,0.0,0.0,55.0,11.4
RDLI11,RBR DESENV LOG I FII,BRRDLICTF006,53391567000100,Logística,Tijolo,13.99,19.332974,26.732124000000002,12,-0.16366666666666665,0.7236341392690023,1736.3173333333332,37200372.4,,,304.0,1924193.0,0.001844,-23.526318033033295,-78.6543676677982,31.601731601731608,-33.349213911386364,125.0,7.52,2026-08-01,2026-09-17,1,CVM Informe Mensal — Percentual_Dividend_Yield_Mes,45.2,Risco,,100.0,60.0,0.0,0.0,55.0,0.0
NCRI11,NAVI CREDITO IMOBILIARIO - FII,BRNCRICTF004,40041603000156,Outros,Outros,8.4,10.0532216590435,,0,,0.8355530480563588,63116.73333333333,39710215.5,,,1357.0,3949999.0,0.001244051168647,6.83360945434468,0.8658889003767989,12.801330008312561,-6.040268456375831,9.98,8.08,2026-08-01,2026-09-18,0,CVM Informe Mensal — Percentual_Dividend_Yield_Mes,44.9,Oportunidade,,100.0,35.0,0.0,0.0,55.0,56.1
CXAG11,FUNDO DE INVESTIMENTO IMOBILIÁRIO CAIXA AGENCIAS,BRCXAGCTF003,40189596000134,Varejo,Tijolo,73.44,103.528959352269,7.9935,12,0.6658666666666667,0.7093667362202695,453559.4403333333,216439816.53,,1.0,11101.0,2090621.0,0.000485,-6.079894734765134,-6.307868512868408,-5.851920956661861,-0.7299270072992803,80.0,69.25,2026-08-01,2026-09-18,0,CVM Informe Mensal — Percentual_Dividend_Yield_Mes,44.7,Oportunidade,,100.0,33.3,20.9,2.0,55.0,13.1
BARI11,VBI RENDIMENTOS IMOBILIARIOS I FII RESP LIMITADA,BRBARICTF003,29267567000100,Outros,Outros,79.2,78.481069759533,7.2493,7,1.03125,1.0091605560763866,1110079.2473333334,363696267.15,,2.0,31765.0,4634191.0,0.0012323129228465,,,,2.048705063780454,79.85,60.5,2025-08-01,2025-07-22,423,CVM Informe Mensal — Percentual_Dividend_Yield_Mes,44.6,Oportunidade,"preco_defasado,dy_parcial_7_meses",76.1,25.0,43.8,15.3,55.0,50.0
HJCT11,HEDGE JHSF CAPITAL PRIME OFFICES FII RESP LTDA,BRHJCTCTF000,62082124000110,Escritórios,Papel,121.25,104.719772435697,12.186,10,1.4354333333333333,1.1578520195357889,96492.6309090909,135742900.3,,,154.0,1296249.0,0.000999,,,,21.249999999999993,121.25,98.53,2026-08-01,2026-09-08,10,CVM Informe Mensal — Percentual_Dividend_Yield_Mes,44.6,Oportunidade,preco_defasado,48.4,79.8,0.0,0.0,70.0,50.0
MFII11,MÉRITO DESENVOLVIMENTO IMOBILIÁRIO FII,BRMFIICTF008,16915968000188,Multicategoria,Híbrido,39.79,97.1134087588235,10.8842,12,0.7618166666666667,0.40972714796590615,903092.6170000002,660371179.56,,,31165.0,6800000.0,0.000538,1.0072520492053205,6.740742978298142,-4.726238879887501,31.62421435659939,81.25,27.4,2026-08-01,2026-09-18,0,CVM Informe Mensal — Percentual_Dividend_Yield_Mes,44.1,Risco,,33.0,65.4,38.5,30.5,55.0,36.7
HILG11,HIRE LOG I  FII RESP LIMITADA,BRHILGCTF000,34867728000137,Logística,Tijolo,186.81,211.71947307,32.677141,12,3.1099704999999997,0.8823468020734953,560.43,111418139.38,,,54.0,526253.6212,0.000155,-22.131817055712926,3.813288965497219,-48.07692307692307,,186.81,186.81,2026-08-01,2025-07-04,441,CVM Informe Mensal — Percentual_Dividend_Yield_Mes,44.0,Risco,"preco_defasado,dy_extremo",95.1,60.0,0.0,0.0,55.0,0.0
EIRA11,AROEIRA FUNDO DE INVESTIMENTO IMOBILIÁRIO,BREIRACTF007,59202651000107,Multicategoria,Híbrido,101.0,103.496808272859,6.6177,12,0.93295,0.9758755046215878,531091.7513333333,35839806.24,,,271.0,346289.0,0.00047209,104.39182163990813,77.15971165588462,131.62393162393164,-3.395504543280725,106.0,76.34,2026-08-01,2026-09-18,0,CVM Informe Mensal — Percentual_Dividend_Yield_Mes,44.0,Oportunidade,,81.1,18.0,25.0,0.0,55.0,100.0
CRFF11,CX RIO BRAVO FUNDO DE FUNDOS DE INVESTIMENTO IMOBILIÁRIO II,BRCRFFCTF006,31887401000139,Multicategoria,Híbrido,65.66,80.8967594922034,9.046,12,0.7672333333333333,0.811651794363013,14510.163999999999,55821999.92,,,1141.0,690040.0,0.000956,-3.5626965265571795,-0.4969151480407108,-6.628477905073648,0.7364222154034872,81.6,61.55,2026-08-01,2026-09-18,0,CVM Informe Mensal — Percentual_Dividend_Yield_Mes,43.9,Oportunidade,,100.0,45.0,0.0,0.0,55.0,21.5
TSER11,PRIME OFFICES FUNDO DE INVESTIMENTO IMOBILIÁRIO - RESP LTDA,BRTSERCTF006,34847042000184,Escritórios,Papel,108.0,94.5539677846711,14.3456,11,1.5386666666666666,1.1422048437559988,840.4142857142857,140460297.36,,,1.0,1485504.0,0.0002457022421898,-45.28045762393707,4.175926857389034,-94.73684210526316,7.892107892107902,108.0,97.0,2026-08-01,2026-05-18,123,CVM Informe Mensal — Percentual_Dividend_Yield_Mes,43.8,Oportunidade,preco_defasado,51.6,100.0,0.0,0.0,70.0,0.0
BTHI11,BTG HOTEIS FII,BRBTHICTF004,18308516000163,Hotel,Tijolo,43.79,64.639127,2.3777,12,0.0,0.6774534563252996,29139.158999999996,595876570.08,,3.0,1776.0,9218512.0,0.000554,8.98285319073942,-5.711173841362383,23.676880222841223,1.2719703977798202,49.99,40.55,2026-08-01,2026-09-18,0,CVM Informe Mensal — Percentual_Dividend_Yield_Mes,43.8,Oportunidade,,100.0,0.0,0.0,27.9,55.0,63.3
BLMG11,BLUEMACAW LOGÍSTICA FUNDO INVESTIMENTO,BRBLMGCTF005,34081637000171,Multicategoria,Híbrido,30.51,45.71769223,9.315977,12,0.842108,0.6673565202396482,265660.18833333335,213638775.8,,,12297.0,4673000.0,0.000548,-19.69540648056871,-35.573839945885176,-3.816973015252245,-0.2615233736515177,35.0,29.99,2026-08-01,2026-09-18,0,CVM Informe Mensal — Percentual_Dividend_Yield_Mes,43.8,Oportunidade,,100.0,48.0,7.3,1.7,55.0,0.0
INLG11,INTER LOGÍSTICO FII,BRINLGCTF008,34598181000111,Logística,Tijolo,61.91,106.51706804,7.448631,12,0.563255,0.5812214055380415,166059.696,480615982.25,,,14230.0,4512103.0,0.0003,-4.899256221621862,6.446337468469054,-16.244849911712777,-1.3229199872489716,83.5,59.51,2026-08-01,2026-09-18,0,CVM Informe Mensal — Percentual_Dividend_Yield_Mes,43.8,Oportunidade,,100.0,27.2,0.0,22.4,55.0,17.0
RZZV11,RAIZZ DESENV FII,BRRZZVCTF002,51786271000155,Logística,Tijolo,1050.0,1265.384776,2.3764,12,0.06623333333333332,0.8297871287175972,270585.71428571426,219594873.97,,,131.0,173540.0,0.00015,16.42304715785359,32.84609431570718,0.0,5.000000000000004,1100.0,1000.0,2026-08-01,2025-12-04,288,CVM Informe Mensal — Percentual_Dividend_Yield_Mes,43.6,Oportunidade,preco_defasado,100.0,0.0,7.7,2.4,55.0,88.1
BBIG11,BB PREMIUM MALLS FII DE RESPONSABILIDADE LIMITADA,BRBBIGCTF004,54375187000137,Shoppings,Tijolo,5.15,9.74479168348534,7.6825,12,0.4730666666666667,0.5284874389596025,872192.4156666666,965913437.99,,1.0,37182.0,99120994.0,0.000311,4.465292918684305,-4.377352605416696,13.307938442785305,12.691466083150992,7.73,4.51,2026-08-01,2026-09-18,0,CVM Informe Mensal — Percentual_Dividend_Yield_Mes,43.6,Risco,,51.6,29.8,37.6,40.3,55.0,48.2
CXRI11,CAIXA RIO BRAVO FUNDO DE FUNDOS DE INVESTIMENTO IMOBILIARIO,BRCXRICTF003,17098794000170,Multicategoria,Híbrido,68.86,80.7631394438239,8.7931,12,0.7478333333333333,0.8526166822414906,47757.84499999999,127263324.61,,,1697.0,1575760.0,0.000997,-2.1153549730671464,0.37862113874485015,-4.609331084879143,8.287466582796021,76.49,61.02,2026-08-01,2026-09-18,0,CVM Informe Mensal — Percentual_Dividend_Yield_Mes,43.6,Oportunidade,,99.6,42.1,0.0,0.0,55.0,26.3
ITIT11,INTER TEVA ÍNDICE DE TIJOLO FII,BRITITCTF004,36293425000183,Outros,Outros,62.83,73.81374894,9.451326,12,0.7946503333333333,0.8511964356541731,85194.809,66468838.04,,,8599.0,900494.0,0.00025,-8.081976178931937,-1.4038413348662515,-14.760111022997624,4.5250374313758,82.3,55.0,2026-08-01,2026-09-18,0,CVM Informe Mensal — Percentual_Dividend_Yield_Mes,43.5,Oportunidade,,99.8,49.5,0.0,0.0,55.0,6.4
FLRP11,HEDGE FLORIPA SHOPPING FII,BRFLRPCTF006,10375382000191,Shoppings,Tijolo,20.39,20.9846717058065,8.605,12,0.7125166666666667,0.9716616150043484,18305.064333333332,162631205.72,,,1828.0,7750000.0,0.000481,10.326867393143113,8.161427093978535,12.49230769230769,1.4932802389248323,22.39,19.35,2026-08-01,2026-09-18,0,CVM Informe Mensal — Percentual_Dividend_Yield_Mes,43.5,Oportunidade,,81.8,40.1,0.0,0.0,55.0,67.8
RBRP11,FUNDO DE INVESTIMENTO IMOBILIARIO PÁTRIA PROPERTIES,BRRBRPCTF002,21408063000151,Outros,Outros,50.1,78.6515577788853,5.4291,11,0.4765,0.6369867478130202,810426.743,957912025.16,,,48913.0,12179186.9380769,0.0004288819215223,-8.977942854983995,2.708153347336606,-20.664039057304596,18.889416231608934,56.98,41.1,2026-08-01,2026-09-18,0,CVM Informe Mensal — Percentual_Dividend_Yield_Mes,43.4,Oportunidade,,100.0,4.8,35.8,40.0,55.0,3.4
CCME11,CANUMA CAPITAL FII,BRCCMECTF007,43010844000126,Multicategoria,Híbrido,8.61,10.515685,5.7539,12,0.06245,0.8187769032640289,174697.40333333332,712932433.89,,1.0,9295.0,67797053.0,0.00113,7.542515706762231,1.0359516589232287,14.049079754601234,4.111245465538094,9.65,7.92,2026-08-01,2026-09-18,0,CVM Informe Mensal — Percentual_Dividend_Yield_Mes,43.3,Oportunidade,,100.0,8.4,0.0,32.5,55.0,58.5
HGBL11,HEDGE BRASIL LOGÍSTICO INDUSTRIAL FII DE RESP LIMITADA,BRHGBLCTF005,53466467000198,Logística,Tijolo,8.94,9.19623985817881,9.2449,12,0.7532833333333334,0.9721364533624121,83108.63266666667,241509830.3,,,4845.0,26261802.0,0.00053,3.497882004316921,2.0802161524190232,4.915547856214819,4.683840749414525,10.0,8.08,2026-08-01,2026-09-18,0,CVM Informe Mensal — Percentual_Dividend_Yield_Mes,43.3,Oportunidade,,81.7,47.2,0.0,4.8,55.0,45.0
SNLG11,SUNO LOG FUNDO DE INVESTIMENTO IMOBILIARIO,BRSNLGCTF007,40041711000129,Logística,Tijolo,1.24,2.05987009311588,0.0,12,0.0,0.6019797093729845,64528.313333333324,5211401.3,,,9267.0,2529966.0,0.004797,185.20401356964115,404.2718581412806,-33.86383100199829,-19.480519480519487,29.71,0.15,2026-08-01,2026-02-03,227,CVM Informe Mensal — Percentual_Dividend_Yield_Mes,43.2,Oportunidade,preco_defasado,100.0,0.0,0.0,0.0,55.0,100.0
ARTE11,ARTEMIS FII,BRARTECTF004,53193237000100,Residencial,Tijolo,7.1,10.221239,0.0,12,0.0,0.6946320304221435,74341.20000000001,97098116.85,,,1271.0,9499643.0,0.000964,48.04417570955712,9.997575430827288,86.09077598828696,2.898550724637672,10.34,6.2,2026-08-01,2026-09-18,0,CVM Informe Mensal — Percentual_Dividend_Yield_Mes,43.2,Oportunidade,,100.0,0.0,0.0,0.0,55.0,100.0
EURO11,F.I.I EUROPAR RESPONSABILIDADE LIMITADA,BREUROCTF011,05437916000127,Logística,Tijolo,294.93,395.715887777732,6.4987,12,0.5741,0.7453074519101897,60875.75300000001,162197215.23,,,1888.0,409883.0,0.000395,9.840536170087343,28.119481651522893,-8.438409311348206,3.050314465408821,370.0,237.01,2026-08-01,2026-09-18,0,CVM Informe Mensal — Percentual_Dividend_Yield_Mes,43.2,Oportunidade,,100.0,16.7,0.0,0.0,55.0,66.1
PLCR11,PLURAL RECEBÍVEIS FUNDO DE INVESTIMENTO IMOBILIÁRIO,BRPLCRCTF003,32527683000126,Outros,Outros,79.1,83.4045285844804,7.6968,8,0.9689666666666666,0.9483897498428955,520154.8053333333,175914246.15,,,14034.0,2109169.0,0.0011115432904352,,,,0.25348542458807355,82.0,68.04,2025-08-01,2025-07-21,424,CVM Informe Mensal — Percentual_Dividend_Yield_Mes,43.0,Oportunidade,"preco_defasado,dy_parcial_8_meses",85.2,30.0,24.4,0.0,55.0,50.0
DOVL11,DOVEL FII,BRDOVLCTF006,10522648000181,Escritórios,Papel,583.04,584.566911938753,11.5007,12,0.8229333333333333,0.9973879603727673,118487.18999999999,38818754.68,,,101.0,66406.0074,0.0008834188598447,-5.448793970378096,-10.897587940756193,0.0,-10.34981163988622,650.35,583.04,2026-08-01,2026-05-04,137,CVM Informe Mensal — Percentual_Dividend_Yield_Mes,43.0,Oportunidade,preco_defasado,77.9,72.2,0.0,0.0,70.0,15.2
SNME11,SUNO MULT FII RL,BRSNMECTF000,52227760000130,Multicategoria,Híbrido,9.14,9.5922,7.156199999999999,12,0.0,0.9528575300765205,180292.55066666665,71157267.8,,,9804.0,7418243.0,0.001047,74.81706516179618,3.5497929741947987,146.08433734939757,-2.765957446808509,10.28,9.0,2026-08-01,2026-09-18,0,CVM Informe Mensal — Percentual_Dividend_Yield_Mes,42.6,Oportunidade,,84.6,24.0,0.0,0.0,55.0,100.0
SPG211,SPGM II FUNDO DE INVESTIMENTO IMOBILIÁRIO,BRSPG2CTF013,57077139000150,Logística,Tijolo,11.99,13.7617178107922,2.6138,12,0.4356333333333333,0.871257510497506,99198.02066666666,89967847.58,,,308.0,6537544.863,0.000389,38.28874762796784,71.8155904940309,4.761904761904767,17.549019607843142,12.07,5.5,2026-08-01,2026-09-11,7,CVM Informe Mensal — Percentual_Dividend_Yield_Mes,42.5,Oportunidade,,96.8,0.0,0.0,0.0,55.0,100.0
RBFY11,RIO BRAVO FOR YOU FII,BRRBFYCTF009,62662477000190,Residencial,Tijolo,74.9,94.1880712215432,0.9047,11,0.056299999999999996,0.795217473174761,559406.7646666666,91348018.31,,1.0,86.0,969847.0,0.000834,,,,4.027777777777786,96.02,60.04,2026-08-01,2026-09-15,3,CVM Informe Mensal — Percentual_Dividend_Yield_Mes,42.2,Oportunidade,,100.0,0.0,26.3,0.0,55.0,50.0
NVHO11,FUNDO DE INVESTIMENTO IMOBILIARIO - FII NOVO HORIZONTE,BRNVHOCTF003,17025970000144,Hospital,Tijolo,14.41,16.6008837964269,6.3588000000000005,12,0.5188833333333333,0.8680260747985926,4835.532333333334,688845920.52,,,1658.0,41494533.0,8.35173415218471e-05,-4.264581616310792,-0.13137317737296206,-8.397790055248622,26.40350877192983,14.75,10.16,2026-08-01,2026-09-18,0,CVM Informe Mensal — Percentual_Dividend_Yield_Mes,42.2,Oportunidade,,97.3,15.1,0.0,31.6,55.0,19.1
ABCP11,GRAND PLAZA SHOPPING FII DE RESPONSABILIDADE LIMITADA,BRABCPCTF000,01201140000190,Shoppings,Tijolo,75.6,110.751203979884,6.5153,12,0.5116333333333333,0.6826110893903365,43239.79733333333,521536501.14,,,12973.0,4709082.0,0.000198,-4.226257594058436,3.5591505742271323,-12.011665762344004,4.261481175010329,86.98,70.71,2026-08-01,2026-09-18,0,CVM Informe Mensal — Percentual_Dividend_Yield_Mes,42.2,Oportunidade,,100.0,16.8,0.0,24.5,55.0,19.2
RINV11,RINV FII,BRRINVCTF004,44625612000145,Multicategoria,Híbrido,102.03,99.880392,4.566800000000001,12,0.0,1.0215218218206432,640537.7003333332,502565769.28,,,4813.0,5031676.0,0.00089,37.481549799549654,51.04445902237427,23.918640576725036,2.522106109324773,113.0,94.0,2026-08-01,2026-09-18,0,CVM Informe Mensal — Percentual_Dividend_Yield_Mes,42.1,Oportunidade,,74.3,0.0,29.8,23.6,55.0,100.0
DVFF11,DEVANT FII DE RESPONSABILIDADE LIMITADA,BRDVFFCTF006,39863059000149,Outros,Outros,5.23,7.80060551432853,7.0633401000000005,11,1.17722335,0.6704607726148032,36092.259333333335,85880766.41,,,2277.0,11009500.0,0.000715714385996,7.709069536373465,-6.54222514792796,21.96036422067489,1.1605415860735047,6.14,4.92,2026-08-01,2026-09-18,0,CVM Informe Mensal — Percentual_Dividend_Yield_Mes,42.1,Oportunidade,,100.0,22.9,0.0,0.0,55.0,59.0
LSOP11,LCP SPECIAL OPPORTUNITIES III,BRLSOPCTF006,63429256000139,Residencial,Tijolo,10.5,10.81543316,2.438283,10,0.40638050000000003,0.9708349027418889,1673072.1375,34068614.43,,,6.0,3150000.0,0.000585,,,,5.000000000000004,10.9,10.0,2026-08-01,2026-09-18,0,CVM Informe Mensal — Percentual_Dividend_Yield_Mes,41.9,Oportunidade,,81.9,0.0,54.3,0.0,55.0,50.0
GLPF11,FII GALAPAGOS FEEDER LOGIST RESP LTDA,BRGLPFCTF009,58378463000171,Logística,Tijolo,109.37,105.74201187,9.938492,12,0.8133538333333333,1.0343098080492386,30200.416333333334,159141727.86,,,2494.0,1505000.0,0.000152,3.361852154998568,4.719614330447031,2.0040899795501055,-0.43695949021391733,110.44,100.0,2026-08-01,2026-09-18,0,CVM Informe Mensal — Percentual_Dividend_Yield_Mes,41.8,Oportunidade,,72.4,54.9,0.0,0.0,55.0,44.5
SEED11,HEDGE SEED FUNDO DE INVESTIMENTO IMOBILIÁRIO,BRSEEDCTF008,35689497000181,Multicategoria,Híbrido,100.0,86.4387352439024,12.2903,12,1.1807666666666667,1.1568887457438157,218283.33333333334,141759525.8,,,131.0,1640000.0,0.000169,-0.2734553174558063,-1.3161414041423791,0.7692307692307665,7.526881720430101,100.0,93.0,2026-08-01,2025-06-26,449,CVM Informe Mensal — Percentual_Dividend_Yield_Mes,41.5,Oportunidade,preco_defasado,48.6,81.0,2.2,0.0,55.0,32.4
SHPH11,SHOPPING PÁTIO HIGIENÓPOLIS FII DE RESPONSABILIDADE LIMITADA,BRSHPHCTF008,03507519000159,Shoppings,Tijolo,934.65,1034.15552257164,6.2692,12,0.5939166666666666,0.9037808913651604,111477.72666666667,629749005.47,,,2012.0,608950.0,0.000156,-0.9669157317844346,2.3022465944987136,-4.236078058067583,-3.644329896907217,1049.62,820.0,2026-08-01,2026-09-18,0,CVM Informe Mensal — Percentual_Dividend_Yield_Mes,41.5,Oportunidade,,91.9,14.1,0.0,29.3,55.0,30.1
VTLT11,FUNDO DE INVESTIMENTO IMOBILIÁRIO VOTORANTIM LOGÍSTICA,BRVTLTCTF001,27368600000163,Logística,Tijolo,88.98,90.5519026855792,6.7655,11,0.50745,0.9826408651948788,579258.5730000001,191517274.18,,,5533.0,2115000.0,0.000975,,,,1.3324222753672732,92.0,79.9,2025-11-01,2025-11-13,309,CVM Informe Mensal — Percentual_Dividend_Yield_Mes,41.3,Oportunidade,preco_defasado,80.1,19.6,27.2,0.0,55.0,50.0
AFHI11,AF INVEST CRI FII,BRAFHICTF005,36642293000158,Multicategoria,Híbrido,94.15,95.516126,0.0,12,0.0,0.9856974308191687,872422.6903333331,505166737.99,,,39265.0,5288811.0,0.000816,10.152573023123544,17.809648904583252,2.4954971416638383,2.1814629911005134,97.47,90.34,2026-08-01,2026-09-18,0,CVM Informe Mensal — Percentual_Dividend_Yield_Mes,41.3,Oportunidade,,79.6,0.0,37.7,23.7,55.0,67.2
RCRB11,FUNDO DE INV. IMOBILIÁRIO RIO BRAVO RENDA CORPORATIVA,BRRCRBCTF000,03683056000186,Escritórios,Papel,132.61,190.869571774422,6.5003,12,0.5864166666666667,0.6947676298908676,797904.0116666667,704441374.2,,,23884.0,3690695.0,0.000404,-5.096445900975843,-3.0111725418863977,-7.1817192600652895,2.2199953750096535,146.27,123.58,2026-08-01,2026-09-18,0,CVM Informe Mensal — Percentual_Dividend_Yield_Mes,41.1,Oportunidade,,100.0,16.7,35.4,32.2,70.0,16.3
SPMO11,SUPREMO FUNDO DE INVESTIMENTO IMOBILIÁRIO,BRSPMOCTF004,40225262000179,Multicategoria,Híbrido,120.0,168.671119365706,0.009399999999999999,12,0.0015666666666666665,0.711443668905883,84144.6,306254296.05,,,15.0,1815689.0,7.7e-05,16.33073675854786,25.51861637423858,7.14285714285714,-1.6393442622950838,122.0,120.0,2026-08-01,2026-09-09,9,CVM Informe Mensal — Percentual_Dividend_Yield_Mes,40.9,Oportunidade,preco_defasado,100.0,0.0,0.0,10.9,55.0,87.8
BRIP11,BRIO REAL ESTATE III FUNDO DE INVESTIMENTO IMOBILIÁRIO,BRBRIPCTF001,34895752000180,Residencial,Tijolo,360.0,571.639959252814,,0,,0.629767031105651,3645.2726666666663,123174120.22,,,384.0,215475.0,0.0016121130773683,-8.194330610304828,-3.463491152582443,-12.925170068027214,25.435540069686404,999.0,285.0,2026-08-01,2026-09-18,0,CVM Informe Mensal — Percentual_Dividend_Yield_Mes,40.9,Oportunidade,,100.0,35.0,0.0,0.0,55.0,6.0
ZAGH11,ZAGROS MULTIESTRATÉGIA FII RESPONSABILIDADE LIMITADA,BRZAGHCTF007,45188066000195,Multicategoria,Híbrido,7.97,8.63445719523697,6.0845,12,0.45618333333333333,0.9230458637743313,10165.229,202549894.45,,,677.0,23458324.0,0.00019317,107.11530930548298,156.42176080210817,57.80885780885781,2.9715762273901714,11.02,6.51,2026-08-01,2026-09-18,0,CVM Informe Mensal — Percentual_Dividend_Yield_Mes,40.8,Oportunidade,,89.0,12.1,0.0,0.3,55.0,100.0
RELG11,FUNDO DE INVESTIMENTO IMOBILIÁRIO REC LOGÍSTICA,BRRELGCTF008,37112770000136,Multicategoria,Híbrido,69.95,78.8046069105612,9.1671,11,0.7505166666666666,0.8876384610279107,69264.29966666667,28241916.22,,4.0,3370.0,358379.0,0.0016389709409031,-46.69859306240466,-74.99524907880448,-18.401937046004846,2.012541927956857,83.74,57.0,2026-08-01,2026-08-12,37,CVM Informe Mensal — Percentual_Dividend_Yield_Mes,40.7,Oportunidade,preco_defasado,94.4,46.3,0.0,0.0,55.0,0.0
STRX11,STARX FII RESPONSABILIDADE LIMITADA,BRSTRXCTF006,11044355000107,Shoppings,Tijolo,141.96,153.47710504,7.092188,12,0.5424773333333334,0.9249588071328402,145.84333333333336,247644364.13,,,111.0,1613559.0,0.000119,4.056130289070959,8.112260578141917,0.0,-7.584141657444176,153.61,141.96,2026-08-01,2026-03-11,191,CVM Informe Mensal — Percentual_Dividend_Yield_Mes,40.6,Oportunidade,preco_defasado,88.8,23.2,0.0,5.5,55.0,46.9
TRCO11,FII TORRE RIO CLARO OFFICES - RESPONSABILIDADE LIMITADA,BRTRCOCTF009,62173370000188,Multicategoria,Híbrido,10.2,9.87632460277778,0.0,11,0.0,1.0327728593621948,4394914.350000001,35554768.57,,,4.0,3600000.0,0.000231,,,,2.0000000000000018,10.2,10.0,2026-08-01,2026-07-20,60,CVM Informe Mensal — Percentual_Dividend_Yield_Mes,40.5,Oportunidade,preco_defasado,72.6,0.0,79.0,0.0,55.0,50.0
VVCR11,V2 RECEBÍVEIS FII RL,BRVVCRCTF000,23120027000113,Multicategoria,Híbrido,7.89,10.218696,0.0,12,0.0,0.7721141719060828,78900.54066666667,186787114.13,,,2738.0,18278958.0,0.001,84.78042580460942,143.79144416778567,25.769407441433167,5.481283422459882,10.35,7.12,2026-08-01,2026-09-18,0,CVM Informe Mensal — Percentual_Dividend_Yield_Mes,40.5,Oportunidade,,100.0,0.0,0.0,0.0,55.0,100.0
HCHG11,FII HECTARE RECEBÍVEIS HIGH GRADE,BRHCHGCTF001,34508959000154,Outros,Outros,61.98,80.27842128,8.548982,12,0.7667025,0.772063015337862,37896.08433333334,96334105.53,,,519.0,1200000.0,0.000189,-14.536696956939348,-14.155361126993448,-14.918032786885249,-22.525000000000006,85.17,61.0,2026-07-01,2026-07-15,65,CVM Informe Mensal — Percentual_Dividend_Yield_Mes,40.4,Oportunidade,preco_defasado,100.0,39.4,0.0,0.0,55.0,0.0
CLIN11,CLAVE INDICES FII RL,BRCLINCTF007,49005348000160,Outros,Outros,84.82,98.772411,0.0,12,0.0,0.85874182012222,830477.0463333331,429340262.58,,,11038.0,4346763.0,0.000777,-4.394289897593434,1.5954422881126362,-10.384022083299504,0.8441326833907858,95.31,82.18,2026-08-01,2026-09-18,0,CVM Informe Mensal — Percentual_Dividend_Yield_Mes,40.4,Oportunidade,,98.7,0.0,36.4,19.5,55.0,18.7
ERPA11,EUROPA 105 FII,BRERPACTF002,31469385000164,Multicategoria,Híbrido,112.52,165.587884481017,6.8450999999999995,12,0.5637333333333333,0.6795183135086148,58765.306666666664,82946614.27,,,,500922.0,9.2e-05,3.8317713075248117,3.8317713075248117,,-11.380641096321964,134.0,100.0,2026-08-01,2026-09-18,0,CVM Informe Mensal — Percentual_Dividend_Yield_Mes,40.2,Oportunidade,,100.0,20.5,0.0,0.0,55.0,46.1
INDE11,INTER DESENVOLVIMENTO FII,BRINDECTF000,52635194000103,Residencial,Tijolo,65.0,111.29332266,0.0,12,0.0,0.5840422268510606,110556.88478260869,49850616.38,,,181.0,447921.0,6e-05,10.471202406698,20.942404813396,0.0,-34.96097658595156,111.43,65.0,2026-08-01,2026-09-02,16,CVM Informe Mensal — Percentual_Dividend_Yield_Mes,40.1,Oportunidade,preco_defasado,100.0,0.0,0.0,0.0,55.0,68.2
SEQR11,SEQUÓIA III RENDA IMOBILIÁRIA FII,BRSEQRCTF002,09517273000182,Logística,Tijolo,55.0,97.31207678,7.296155,12,0.5993756666666666,0.5651919249893539,83701.73066666667,162092274.03,,,3895.0,1665695.3525,0.0002,-5.782129890344412,4.852049232186717,-16.41630901287554,4.761904761904767,60.0,46.99,2026-08-01,2026-09-18,0,CVM Informe Mensal — Percentual_Dividend_Yield_Mes,39.8,Oportunidade,,100.0,25.5,0.0,0.0,55.0,14.1
BTSG11,BTSP I FUNDO DE INVESTIMENTO IMOBILIÁRIO,BRBTSGCTF005,36098375000183,Logística,Tijolo,146.92,156.1498972,7.805792,12,0.6490535000000001,0.940890789135915,148.8175,121018512.58,,,106.0,775015.0,0.000435,0.8667211741388126,2.6680217875299617,-0.9345794392523366,-2.346294449983388,150.95,146.92,2026-08-01,2025-10-31,322,CVM Informe Mensal — Percentual_Dividend_Yield_Mes,39.7,Oportunidade,preco_defasado,86.4,31.2,0.0,0.0,55.0,36.2
BIPE11,BRIO REAL ESTATE V - FII,BRBIPECTF009,51817522000111,Residencial,Tijolo,1000.0,1050.84238067532,2.75,1,2.75,0.9516175007686248,24090.909090909092,101143579.14,,,103.0,96250.0,0.0017168538178744,43.18381419083403,86.36762838166806,0.0,0.0,1000.0,1000.0,2026-08-01,2026-07-29,51,CVM Informe Mensal — Percentual_Dividend_Yield_Mes,39.4,Oportunidade,"preco_defasado,dy_parcial_1_meses",84.8,0.0,0.0,0.0,55.0,100.0
FIGS11,GENERAL SHOPPING ATIVO E RENDA FUNDO DE INVEST IMOB,BRFIGSCTF009,17590518000125,Shoppings,Tijolo,47.98,70.1187543578947,7.3148,12,0.57095,0.6842677175225362,208703.48766666665,199838449.92,,,10941.0,2850000.0,0.000285,-7.9071344155458805,-8.018887068071368,-7.7953817630203925,0.5870020964360512,52.48,45.75,2026-08-01,2026-09-18,0,CVM Informe Mensal — Percentual_Dividend_Yield_Mes,39.3,Oportunidade,,100.0,25.7,1.1,0.0,55.0,7.0
CXCE11,FUNDO DE INVESTIMENTO IMOBILIARIO CAIXA CEDAE,BRCXCECTF004,10991914000115,Escritórios,Papel,40.16,63.1788156980647,8.9076,12,0.7453666666666666,0.6356561065013787,24752.86866666667,108222152.35,,,2764.0,1712950.0,0.000515,-4.595793947645538,-0.4729617394126029,-8.718626155878473,-0.5694478831393956,47.0,38.99,2026-08-01,2026-09-18,0,CVM Informe Mensal — Percentual_Dividend_Yield_Mes,39.2,Oportunidade,,100.0,43.4,0.0,0.0,70.0,18.0
BLCA11,CATUAÍ VBI FII RL,BRBLCACTF009,41076748000155,Escritórios,Papel,98.0,120.252599,7.9328,12,0.8788,0.814951201179444,99882.71066666667,192404158.87,,,500.0,1600000.0,0.001034,1.5736705650358562,-5.78512074356663,8.932461873638342,-1.0001010203050775,105.51,83.23,2026-08-01,2026-09-16,2,CVM Informe Mensal — Percentual_Dividend_Yield_Mes,39.1,Oportunidade,,100.0,32.6,0.0,0.0,70.0,38.6
VSHO11,FUNDO DE INVESTIMENTO IMOBILIÁRIO VOTORANTIM SHOPPING,BRVSHOCTF002,23740595000117,Shoppings,Tijolo,73.57,119.297044525443,6.3567,12,0.5045333333333334,0.616695914745058,49555.32800000001,250380637.05,,,2781.0,2098800.0,9.1e-05,-4.027833895944621,3.0092506603013547,-11.064918452190597,2.180555555555541,81.13,70.02,2026-08-01,2026-09-18,0,CVM Informe Mensal — Percentual_Dividend_Yield_Mes,39.1,Oportunidade,,100.0,15.1,0.0,5.7,55.0,19.9
MIDW11,MIDWAY MALL FUNDO DE INVESTIMENTO IMOBILIÁRIO RL,BRMIDWCTF004,63992956000137,Multicategoria,Híbrido,11.0,9.73995914074074,2.8415,9,0.4735833333333333,1.129368187386814,18600995.44333333,184085227.76,,,103.0,18900000.0,5e-05,,,,2.8037383177570208,11.15,9.95,2026-08-01,2026-09-11,7,CVM Informe Mensal — Percentual_Dividend_Yield_Mes,39.0,Oportunidade,dy_parcial_9_meses,54.1,0.0,100.0,0.0,55.0,50.0
VVDI11,V2 RECEBIVEIS CDI FII RESPONSABILIDADE LIMITADA,BRVVDICTF007,66661365000175,Outros,Outros,10.0,10.062357596,,0,,0.993802884124811,155619.44,50311787.98,,,3.0,5000000.0,0.0010733476620124,,,,0.0,10.0,9.93,2026-08-01,2026-09-17,1,CVM Informe Mensal — Percentual_Dividend_Yield_Mes,38.9,Oportunidade,,78.4,35.0,0.0,0.0,55.0,50.0
ADSH11,AD SHOPPING FII RESP LIMITADA,BRADSHCTF009,63375304000153,Multicategoria,Híbrido,10.69,9.92776718530867,1.1447,10,0.19078333333333333,1.0767778696320858,2111047.8243333334,466328628.96,,,195.0,46972156.0,5.7e-05,,,,-1.3837638376383743,11.38,9.99,2026-08-01,2026-09-18,0,CVM Informe Mensal — Percentual_Dividend_Yield_Mes,38.9,Oportunidade,,64.6,0.0,60.2,21.6,55.0,50.0
VGII11,VALORA CRI INFRA FII II,BRVGIICTF007,52649680000172,Multicategoria,Híbrido,62.54,62.76797583,6.094811,12,0.3003803333333333,0.9963679595050596,1886445.1136842107,32568105.78,,,9.0,518865.0,0.000368,-3.7149764058542427,-36.001381383137065,28.57142857142858,-38.32955329849127,101.41,61.18,2026-08-01,2026-09-09,9,CVM Informe Mensal — Percentual_Dividend_Yield_Mes,38.8,Oportunidade,preco_defasado,78.0,12.2,57.4,0.0,55.0,21.0
BPFF11,FII BRASIL PLURAL ABSOLUTO FUNDOS DE FUNDOS,BRBPFFCTF002,17324357000128,Outros,Outros,54.52,62.148381032454,1.8333,9,0.0,0.8772553539492777,392486.76766666665,279190787.97,,,20101.0,4492326.0,0.000398,,,,-3.5044247787610616,61.24,51.11,2025-09-01,2025-08-18,396,CVM Informe Mensal — Percentual_Dividend_Yield_Mes,38.3,Oportunidade,"preco_defasado,dy_parcial_9_meses",95.9,0.0,17.2,8.5,55.0,50.0
YEES11,HEDGE YEES HABITAÇÕES ECONÔMICAS FII,BRYEESCTF004,51385174000150,Residencial,Tijolo,99.9,101.1112014,0.0,12,0.0,0.9880210957517117,5919.814285714286,30333360.42,,,136.0,300000.0,0.00167,40.69158955204877,77.56638521096777,3.8167938931297662,-2.0588235294117574,102.0,99.9,2026-08-01,2026-09-01,17,CVM Informe Mensal — Percentual_Dividend_Yield_Mes,38.1,Oportunidade,preco_defasado,79.3,0.0,0.0,0.0,55.0,100.0
SNCI11,SUNO CRI FII RL,BRSNCICTF002,41076710000182,Outros,Outros,80.72,95.379186,0.0,12,0.0,0.8463062370861499,469469.72766666673,400592582.14,,,34345.0,4200000.0,0.000645,-4.99869749936394,-2.653935857173395,-7.3434591415544865,-0.3333744906778513,93.44,79.0,2026-08-01,2026-09-18,0,CVM Informe Mensal — Percentual_Dividend_Yield_Mes,38.1,Oportunidade,,100.0,0.0,21.8,17.8,55.0,16.7
ONDV11,ONDA DESENVOLVIMENTO IMOBILIÁRIO FII,BRONDVCTF002,52966340000175,Outros,Outros,9.77,10.6375936897646,0.0,12,0.0,0.9184407945004149,6260.615666666666,88912805.68,,1.0,491.0,8358357.0,0.00022257,350.56092535807517,636.9078038934078,64.21404682274247,1.0341261633919352,11.9,9.0,2026-08-01,2026-01-06,255,CVM Informe Mensal — Percentual_Dividend_Yield_Mes,37.9,Oportunidade,preco_defasado,89.7,0.0,0.0,0.0,55.0,100.0
SOFF11,FUNDO DE INVESTIMENTOS IMOBILIARIO SOFIA,BRSOFFCTF009,57811221000167,Outros,Outros,94.2,102.224011478173,0.0,12,0.0,0.9215056094733057,28730.676,187571697.0,,,309.0,1834908.39664467,0.00016,236.82363317224812,464.4599871925528,9.18727915194346,-18.01566579634465,126.0,90.0,2026-08-01,2026-06-12,98,CVM Informe Mensal — Percentual_Dividend_Yield_Mes,37.8,Oportunidade,preco_defasado,89.3,0.0,0.0,0.0,55.0,100.0
INRD11,INTER RESIDENCE FII,BRINRDCTF002,34835191000123,Residencial,Tijolo,72.65,119.1176772,6.948754,12,0.5998519999999999,0.6099010802403391,73440.59466666667,134468372.26,,,5550.0,1128870.0,0.00034,-9.207892488203438,0.22977351084025877,-18.645558487247136,-1.4648040146480357,81.0,68.06,2026-08-01,2026-08-27,22,CVM Informe Mensal — Percentual_Dividend_Yield_Mes,37.8,Oportunidade,preco_defasado,100.0,21.7,0.0,0.0,55.0,2.6
REME11,RB MULTIESTRATÉGIA IMOBILIÁRIA FII RESPONSABILIDADE LIMITADA,BRREMECTF001,63051078000155,Outros,Outros,77.1,88.3271201077109,5.2069,5,1.04138,0.8728915864796685,383745.6680000002,57861948.13,,,2718.0,655087.0,0.0,,,,6.18372125051645,95.0,70.22,2026-08-01,2026-09-18,0,CVM Informe Mensal — Percentual_Dividend_Yield_Mes,37.7,Oportunidade,dy_parcial_5_meses,96.6,2.3,16.7,0.0,55.0,50.0
OULG11,FII OURINVEST LOGISTICA - RESPONSABILIDADE LIMITADA,BROULGCTF001,13974819000100,Logística,Tijolo,24.04,27.4405240123695,0.0,12,0.0,0.8760765643237487,810369.976,67725929.6,,1.0,2723.0,2468098.99,0.000657,-37.64865698966059,-55.740445441655,-19.556868537666173,-10.929974064468318,43.5,23.31,2026-08-01,2025-12-29,263,CVM Informe Mensal — Percentual_Dividend_Yield_Mes,37.6,Oportunidade,preco_defasado,96.1,0.0,35.8,0.0,55.0,0.0
BLOG11,BLUECAP LOG FUNDO DE INVESTIMENTO IMOBILIARIO,BRBLOGCTF001,49592781000140,Multicategoria,Híbrido,6.53,11.2649319810328,1.4296,12,0.0,0.5796750491698319,60.903,346922775.8,,,112.0,30796704.0,0.000158,4.90196078431373,0.0,9.80392156862746,-15.958815958815952,11.93,6.53,2026-08-01,2026-09-14,4,CVM Informe Mensal — Percentual_Dividend_Yield_Mes,37.6,Oportunidade,,100.0,0.0,0.0,14.1,55.0,49.7
HDOF11,HEDGE PALADIN DESIGN OFFICES FUNDO DE INVESTIMENTO IMOB,BRHDOFCTF007,35688460000139,Escritórios,Papel,80.0,92.8516258397626,0.0,12,0.0,0.8615896520547619,1402166.5813333332,312909979.08,,,121.0,3370000.0,0.000709,-0.05112140257853559,-2.6446156865129966,2.5423728813559254,-11.111111111111116,100.0,75.0,2026-08-01,2026-09-16,2,CVM Informe Mensal — Percentual_Dividend_Yield_Mes,37.3,Oportunidade,,98.3,0.0,49.8,11.4,70.0,33.2
EDFO11,FII EDIFÍCIO OURINVEST,BREDFOCTF004,06175262000173,Residencial,Tijolo,121.01,190.403540335008,5.0429,12,0.41840000000000005,0.6355449052422417,21191.856999999996,56835456.79,,,436.0,298500.0,0.000251,1.854096335295436,13.996258514212268,-10.288065843621396,-16.046898848341872,148.8,106.01,2026-08-01,2026-09-18,0,CVM Informe Mensal — Percentual_Dividend_Yield_Mes,37.3,Oportunidade,,100.0,0.5,0.0,0.0,55.0,39.5
SPXS11,SPX REAL ESTATE FII,BRSPXSCTF002,43010543000100,Multicategoria,Híbrido,7.45,9.353954,0.0,12,0.0,0.7964546329819454,455622.4733333334,188847342.62,,,20012.0,20189040.0,0.000567,0.7200623014857299,-1.248709551379934,2.688834154351394,-1.0624169986719778,9.25,7.32,2026-08-01,2026-09-18,0,CVM Informe Mensal — Percentual_Dividend_Yield_Mes,37.2,Oportunidade,,100.0,0.0,21.0,0.0,55.0,35.7
HCST11,FII HECTARE STUDENT HOUSING,BRHCSTCTF001,31152015000107,Multicategoria,Híbrido,39.11,57.243735,0.0,12,0.0,0.6832188710257987,855.8806666666667,49854624.06,,,66.0,870918.4343,0.00052,9.271661869453002,-1.456676261093992,19.999999999999996,-23.31372549019608,81.03,35.05,2026-08-01,2026-09-10,8,CVM Informe Mensal — Percentual_Dividend_Yield_Mes,36.9,Oportunidade,preco_defasado,100.0,0.0,0.0,0.0,55.0,64.2
WPLZ11,SHOPPING WEST PLAZA FUNDO DE INVESTIMENTO IMOBILIARIO,BRWPLZCTF004,09326861000139,Shoppings,Tijolo,49.99,54.5764968993404,7.7628,12,0.6778333333333334,0.9159620503346042,4833.317333333334,64765001.07,,,1401.0,1186683.0,0.000407,-13.773777721104274,-16.954064695558902,-10.593490746649648,2.0204081632653192,57.72,44.32,2026-08-01,2026-09-18,0,CVM Informe Mensal — Percentual_Dividend_Yield_Mes,36.9,Oportunidade,,90.1,30.7,0.0,0.0,55.0,0.0
JPRD11,JPR DS FII DE RESPONSABILIDADE LIMITADA,BRJPRDCTF005,53072782000130,Hospital,Tijolo,100.0,97.785683571518,0.0,12,0.0,1.0226445870970724,64231.25,138997068.77,,,112.0,1421446.0,0.00019,147.1230506479909,44.24610129598183,250.0,0.0,100.0,100.0,2026-08-01,2026-09-11,7,CVM Informe Mensal — Percentual_Dividend_Yield_Mes,36.8,Oportunidade,,74.1,0.0,0.0,0.0,55.0,100.0
TRPL15,TERRAS PAULISTAS FI IMOBILIÁRIO DE PERMUTAS RESP LIMITADA,BRTRPLCTF007,63320393000130,Multicategoria,Híbrido,1.14,1.23138070013105,0.0,9,0.0,0.9257900500459972,571437.14,54029906.67,,,177.0,43877500.0,0.0003,,,,-5.000000000000004,1.2,1.0,2026-08-01,2026-09-03,15,CVM Informe Mensal — Percentual_Dividend_Yield_Mes,36.7,Oportunidade,"preco_defasado,dy_parcial_9_meses",88.6,0.0,26.8,0.0,55.0,50.0
AROA11,FII AROEIRA 333 RENDA LOGISTICA,BRAROACTF003,44674528000111,Multicategoria,Híbrido,1.15,0.94381059,9.478101,12,0.7958091666666666,1.218464819302356,8425.926666666668,158491122.2,,,6668.0,167926832.0,0.000151,19.142693107689947,-0.8922384976236541,39.177624713003546,0.0,2.1,0.97,2026-08-01,2026-09-18,0,CVM Informe Mensal — Percentual_Dividend_Yield_Mes,36.7,Oportunidade,,36.3,49.8,0.0,0.0,55.0,97.1
SNFF11,SUNO FOF FII RL,BRSNFFCTF001,40011225000168,Outros,Outros,71.0,83.002687,0.0,12,0.0,0.855393994654655,371419.6886666667,333723507.06,,,24999.0,4020635.0,0.000561,-3.9911488722614243,1.4055017407792691,-9.387799485302118,-0.4067891709917282,82.98,66.76,2026-08-01,2026-09-18,0,CVM Informe Mensal — Percentual_Dividend_Yield_Mes,36.6,Oportunidade,,99.2,0.0,15.8,13.1,55.0,20.0
HUSC11,FII HOSPITAL UNIMED SUL CAPIXABA,BRHUSCCTF009,28851767000143,Outros,Outros,96.01,150.17599523,5.698913,12,0.9498188333333334,0.639316555571729,4861.096999999999,127772890.44,,,766.0,850821.0,0.000354,2.0772574951976597,0.5009290634670371,3.653585926928282,-3.8842726999699595,112.0,85.0,2026-08-01,2026-01-14,247,CVM Informe Mensal — Percentual_Dividend_Yield_Mes,36.5,Oportunidade,preco_defasado,100.0,7.8,0.0,0.0,55.0,40.3
WTSP11,FII OURINVEST RE I - RESPONSABILIDADE LIMITADA,BRWTSPCTF002,28693595000127,Multicategoria,Híbrido,64.0,96.1023862157388,0.0,12,0.0,0.6659564087860146,12931.646999999999,119029724.7,,,238.0,1238572.0,0.000657,7.553706318364184,13.830816892047526,1.2765957446808418,0.7874015748031482,72.0,41.3,2026-08-01,2026-09-18,0,CVM Informe Mensal — Percentual_Dividend_Yield_Mes,36.4,Oportunidade,,100.0,0.0,0.0,0.0,55.0,58.5
AJFI11,AJ MALLS FUNDO DE INVESTIMENTO IMOBILIÁRIO,BRAJFICTF001,51472985000199,Shoppings,Tijolo,8.3,10.4479586729046,5.4163,12,0.48900000000000005,0.7944135557814709,184520.63766666668,351322828.48,,0.0,9153.0,33625978.0,0.000583,-13.612548642863821,-0.0529139630032649,-27.172183322724376,1.5911872705018482,9.06,7.31,2026-08-01,2026-09-18,0,CVM Informe Mensal — Percentual_Dividend_Yield_Mes,36.3,Oportunidade,,100.0,4.6,0.0,14.4,55.0,0.0
BRCR11,BC FUND FII,BRBRCRCTF000,08924783000101,Multicategoria,Híbrido,41.5,80.77799,5.5498,12,0.52285,0.5137538084322226,1307081.702333334,2151780421.99,,,108857.0,26638202.0,0.000147,-7.9457035350715515,-5.201177595301654,-10.69022947484145,5.463786531130865,51.59,38.4,2026-08-01,2026-09-18,0,CVM Informe Mensal — Percentual_Dividend_Yield_Mes,36.3,Risco,,49.3,6.1,48.0,60.7,55.0,6.8
VJFD11,JFDCAM FUNDO DE INVESTIMENTO IMOBILIÁRIO - FII,BRVJFDCTF008,15489509000117,Outros,Outros,170.97,171.048815816195,2.0096000000000003,12,0.25160000000000005,0.9995392203341548,5074.530000000001,834056145.85,,,106.0,4876129.3194,7.498e-05,7.381675551050449,4.346684435434223,10.416666666666675,13.979999999999993,170.97,126.96,2026-08-01,2026-07-28,52,CVM Informe Mensal — Percentual_Dividend_Yield_Mes,36.2,Oportunidade,preco_defasado,77.6,0.0,0.0,36.5,55.0,57.9
CXTL11,FUNDO DE INVESTIMENTO IMOBILIARIO CAIXA SEQ LOGISTICA RENDA,BRCXTLCTF003,12887506000143,Logística,Tijolo,301.0,414.351583857305,2.3232999999999997,12,0.2617,0.7264362240344635,260391.45433333333,22208001.84,,,554.0,53597.0,0.0009,-4.314215894221791,1.7275552665726002,-10.35598705501618,33.77183236300609,358.99,160.0,2026-08-01,2026-09-14,4,CVM Informe Mensal — Percentual_Dividend_Yield_Mes,36.2,Oportunidade,,100.0,0.0,6.7,0.0,55.0,19.0
VVRI11,V2 RENDA IMOB FII RL,BRVVRICTF007,49184940000177,Multicategoria,Híbrido,8.3,8.608358,2.7273,12,0.24776666666666666,0.9641792313934899,110115.792,151260904.37,,2.0,331.0,17571400.0,0.001023,108.66964460957891,103.79090212238364,113.54838709677418,-4.597701149425271,112.0,6.31,2026-08-01,2026-09-18,0,CVM Informe Mensal — Percentual_Dividend_Yield_Mes,36.2,Oportunidade,,82.9,0.0,0.0,0.0,55.0,100.0
HOSI11,FUNDO DE INVESTIMENTO IMOBILIÁRIO HOUSI,BRHOSICTF009,34081631000102,Residencial,Tijolo,71.0,124.12951785,1.927622,12,0.037093666666666664,0.5719832093909966,5045.915666666667,71182072.01,,,950.0,573450.0,0.00085,-1.2350087370860177,14.415371852162174,-16.88538932633421,1.4285714285714235,88.86,65.06,2026-08-01,2026-09-18,0,CVM Informe Mensal — Percentual_Dividend_Yield_Mes,36.2,Oportunidade,,100.0,0.0,0.0,0.0,55.0,29.2
DVLP11,FII SPECIALE REAL ESTATE DEV,BRDVLPCTF003,42537601000188,Multicategoria,Híbrido,142.31,143.77938946,0.348608,12,0.05810133333333333,0.9897802496900379,601959.2314285713,102295310.19,,,306.0,711474.0894,0.003288,9.86631272733295,20.0583583536887,-0.32573289902280145,9.519778359242736,150.29,129.88,2026-08-01,2026-08-17,32,CVM Informe Mensal — Percentual_Dividend_Yield_Mes,36.1,Oportunidade,preco_defasado,79.0,0.0,28.2,0.0,55.0,66.2
HUSI11,HUSI FUNDO DE INVESTIMENTO IMOBILIÁRIO,BRHUSICTF006,30017492000199,Hospital,Tijolo,1199.99,1317.29087416854,0.0,12,0.0,0.9109529440545323,12633.170999999998,153282600.7,,,105.0,116362.0,0.000159,5.262909707180685,5.525819414361366,5.000000000000004,-0.7452440033085206,1249.0,1000.0,2026-08-01,2026-08-31,18,CVM Informe Mensal — Percentual_Dividend_Yield_Mes,36.1,Oportunidade,preco_defasado,90.9,0.0,0.0,0.0,55.0,50.9
ATSA11,HEDGE ATRIUM SHOPPING SANTO ANDRÉ FUNDO DE INVEST IMOB,BRATSACTF000,12809972000100,Shoppings,Tijolo,57.7,73.9945620027171,4.7532,12,0.46091666666666664,0.7797870335103982,2392.8443333333335,129574911.3,,,297.0,1751141.0,0.000323,-2.5967499568338717,-3.537870774594898,-1.655629139072845,-3.8173028838139667,68.14,47.03,2026-08-01,2026-09-18,0,CVM Informe Mensal — Percentual_Dividend_Yield_Mes,35.7,Oportunidade,,100.0,0.0,0.0,0.0,55.0,24.7
EXES11,EXES CRI FII RL,BREXESCTF006,41076851000103,Multicategoria,Híbrido,9.51,9.623265,4.9577,12,0.0,0.9882300861505944,161240.9926666667,135702034.86,,,2545.0,14101454.0,0.00088,148.42317308915858,97.78641668360504,199.0599294947121,-1.34854771784233,10.4,9.1,2026-08-01,2026-09-18,0,CVM Informe Mensal — Percentual_Dividend_Yield_Mes,35.3,Oportunidade,,79.3,0.0,0.0,0.0,55.0,100.0
LLAO11,BS2 ALLINVESTMENTS FII,BRLLAOCTF003,41218404000133,Outros,Outros,57.2,53.7351340200476,,0,,1.0644804566535504,80753.6,19405906.3,,1.0,78.0,361140.0,0.0006474662819535,2.0081852777868336,4.016370555573667,0.0,-11.42768659027562,64.58,57.2,2026-08-01,2025-06-06,469,CVM Informe Mensal — Percentual_Dividend_Yield_Mes,35.0,Oportunidade,preco_defasado,67.1,35.0,0.0,0.0,55.0,40.0
RCRI11,RCRI FII,BRRCRICTF021,60801196000145,Multicategoria,Híbrido,98.6,97.617575,4.7284,12,-0.0001333333333333333,1.010064017673047,33955.248,41208673.48,,,388.0,422144.0,0.001367,50.78844286803592,-1.5644755204726635,103.14136125654451,3.2244556113902867,104.75,93.85,2026-08-01,2026-09-18,0,CVM Informe Mensal — Percentual_Dividend_Yield_Mes,34.5,Oportunidade,,76.0,0.0,0.0,0.0,55.0,100.0
DAMA11,DAMA FII,BRDAMACTF007,53866872000101,Multicategoria,Híbrido,5.2,6.905402,0.0,12,0.0,0.7530336394608164,3852.727333333333,38235425.59,,,960.0,5537031.0,0.001228,1.6418909338684458,-16.566405398180716,19.850187265917608,2.16110019646365,8.61,4.21,2026-08-01,2026-09-18,0,CVM Informe Mensal — Percentual_Dividend_Yield_Mes,34.4,Oportunidade,,100.0,0.0,0.0,0.0,55.0,38.8
RRCI11,XLPR FII RESPONSABILIDADE LIMITADA,BRRRCICTF005,35689733000160,Outros,Outros,80.25,79.7972177051916,7.6904,10,0.49,1.00567416142855,337741.61400000006,38442868.21,,,1318.0,481757.0,0.0004730289608117,-16.058894866175606,-11.419835460389717,-20.697954271961493,2.7528809218950068,84.0,66.0,2026-08-01,2025-12-29,263,CVM Informe Mensal — Percentual_Dividend_Yield_Mes,34.1,Oportunidade,preco_defasado,76.6,29.9,13.4,0.0,55.0,0.0
BTWR11,BTOWERS FUNDO INVESTIMENTO IMOBILIARIO,BRBTWRCTF004,20132453000189,Escritórios,Papel,90.0,126.77977097,7.136305,12,0.5781486666666666,0.7098924324551491,49895.60625,102599028.6,,,122.0,809269.7109,0.000127,-3.078285202184261,6.700572452774334,-12.857142857142856,-12.807595427242779,105.49,90.0,2026-08-01,2026-07-21,59,CVM Informe Mensal — Percentual_Dividend_Yield_Mes,34.1,Oportunidade,preco_defasado,100.0,23.7,0.0,0.0,70.0,23.1
FLMA11,FII CONTINENTAL SQUARE FARIA LIMA - RESP. LIMITADA,BRFLMACTF009,04141645000103,Escritórios,Papel,155.34,250.739980263206,5.8801,12,0.49623333333333336,0.6195262512062774,61942.594666666686,346189168.55,,,10520.0,1380670.0,0.000107,0.8381363850971155,13.60595045960402,-11.92967768940979,3.961986347209212,170.0,138.0,2026-08-01,2026-09-18,0,CVM Informe Mensal — Percentual_Dividend_Yield_Mes,34.0,Oportunidade,,100.0,9.8,0.0,14.0,70.0,36.1
LKDV11,DEVELOPMENT V1 FII,BRLKDVCTF004,40102445000105,Multicategoria,Híbrido,1104.12,1107.797162,0.656,12,0.13208333333333333,0.9966806540708576,789707.0633333334,74013036.21,,,100.0,66811.0,0.000912,0.19026105777384394,1.3706211254486789,-0.990099009900991,2.050964480141948,1612.84,1081.93,2026-08-01,2026-06-24,86,CVM Informe Mensal — Percentual_Dividend_Yield_Mes,33.7,Oportunidade,preco_defasado,78.0,0.0,35.1,0.0,55.0,34.0
RBRD11,RB CAPITAL RENDA II - FII,BRRBRDCTF008,09006914000134,Multicategoria,Híbrido,37.1,71.84015,8.928336,12,0.6393731666666667,0.5164243114748508,54308.45966666667,133032583.9,,,7279.0,1851786.0,9.4e-05,4.031264403018032,10.619423049677291,-2.556894243641228,1.7274472168905985,43.06,33.31,2026-08-01,2026-09-18,0,CVM Informe Mensal — Percentual_Dividend_Yield_Mes,33.5,Risco,,49.7,43.6,0.0,0.0,55.0,46.8
FAMB11,FII EDIFÍCIO ALMIRANTE BARROSO RL,BRFAMBCTF018,05562312000102,Residencial,Tijolo,701.01,973.434165238538,0.0,12,0.0,0.720141150817548,16994.212000000003,119282675.74,,,1862.0,122538.0,0.0003,-28.044573649129504,-46.96274417478414,-9.12640312347487,4.3169642857142865,1500.0,670.0,2026-08-01,2026-09-17,1,CVM Informe Mensal — Percentual_Dividend_Yield_Mes,33.2,Oportunidade,,100.0,0.0,0.0,0.0,55.0,0.0
CPFF11,CAPITANIA FOF FII RL,BRCPFFCTF000,34081611000123,Títulos e Val. Mob.,Papel,69.9,62.485006,-22.8072,5,-4.56144,1.1186683730173606,3421946.403333334,67464811.29,,,6536.0,1079696.0,0.001169,,,,7.720758206195111,72.0,54.35,2025-05-01,2025-03-17,550,CVM Informe Mensal — Percentual_Dividend_Yield_Mes,33.1,Oportunidade,"preco_defasado,dy_parcial_5_meses",56.3,0.0,72.6,0.0,70.0,50.0
NCHB11,FYTO RECEB FII,BRNCHBCTF000,18085673000157,Multicategoria,Híbrido,7.97,10.002782,0.0,12,0.0,0.7967783362668506,109503.63333333332,152856395.07,,,9907.0,15281388.0,0.000915,-2.8198006469119243,2.577926962614918,-8.217528256438767,11.62464985994398,8.13,7.07,2026-08-01,2025-03-14,553,CVM Informe Mensal — Percentual_Dividend_Yield_Mes,32.9,Oportunidade,preco_defasado,100.0,0.0,0.0,0.0,55.0,23.9
LRED11,FII LCP RE DEVELOPMENT RESP LTDA,BRLREDCTF005,55089373000172,Residencial,Tijolo,12.0,10.81218416,0.0,12,0.0,1.1098590092827276,144.7442857142857,15231995.98,,,110.0,1408780.6641,0.001298,150.7841840611831,8.71122526522341,292.85714285714283,-2.8340080971659853,13.13,12.0,2026-08-01,2026-05-21,120,CVM Informe Mensal — Percentual_Dividend_Yield_Mes,32.8,Oportunidade,preco_defasado,58.0,0.0,0.0,0.0,55.0,100.0
FAED11,ANHANGUERA FII,BRFAEDCTF003,11179118000145,Outros,Outros,152.0,223.754725,3.0250999999999997,12,-6.666666666666666e-05,0.6793152636218073,78004.21733333335,154922625.14,,,3827.0,692377.0,0.000374,-3.2826333054024435,0.8161467483432272,-7.381413359148114,0.0,166.23,144.11,2026-08-01,2026-09-18,0,CVM Informe Mensal — Percentual_Dividend_Yield_Mes,32.7,Oportunidade,,100.0,0.0,0.0,0.0,55.0,22.4
TSNC11,TRANSINC FII RL,BRTSNCCTF009,17007443000107,Multicategoria,Híbrido,58.9,69.442202,-2.2439,12,-0.24103333333333332,0.8481873889886153,190.60366666666667,75468396.68,,,109.0,1086780.0,0.001155,-3.5520331245954164,-12.929308967637432,5.825242718446599,-25.29173008625064,84.44,58.8,2026-08-01,2026-06-15,95,CVM Informe Mensal — Percentual_Dividend_Yield_Mes,32.6,Oportunidade,preco_defasado,100.0,0.0,0.0,0.0,55.0,21.5
GCRI11,GALAPAGOS CRI FII,BRGCRICTF008,38293897000161,Multicategoria,Híbrido,67.57,92.100968,3.3917,12,-1.6666666666666664e-05,0.7336513553256031,201156.38433333332,133901820.83,,1.0,3908.0,1453859.0,0.000878,-3.7421291375869026,2.407371883922349,-9.891630159096154,3.921870193786514,72.15,60.33,2026-08-01,2026-09-18,0,CVM Informe Mensal — Percentual_Dividend_Yield_Mes,32.6,Oportunidade,,100.0,0.0,0.1,0.0,55.0,20.9
EQIR11,EQI CRI FII RL,BREQIRCTF003,41076380000125,Multicategoria,Híbrido,8.1,9.610585,0.0,12,0.0,0.8428207023818008,50103.08999999998,104844893.95,,,9194.0,10909315.0,0.000899,-3.651547253848275,0.5264794271405471,-7.829573934837097,0.8717310087173136,8.9,7.69,2026-08-01,2026-09-18,0,CVM Informe Mensal — Percentual_Dividend_Yield_Mes,32.6,Oportunidade,,100.0,0.0,0.0,0.0,55.0,21.2
RCFF11,PATRIA D FEEDER FII,BRRCFFCTF006,35689670000141,Outros,Outros,75.0,103.198788,0.4299,8,-0.0001,0.7267527211656789,1530.5829999999996,33353848.37,,,114.0,323200.0,0.001011,-5.778811163849906,0.7500699799924959,-12.307692307692308,2.725654019997248,106.0,36.0,2026-08-01,2026-09-04,14,CVM Informe Mensal — Percentual_Dividend_Yield_Mes,31.9,Oportunidade,"preco_defasado,dy_parcial_8_meses",100.0,0.0,0.0,0.0,55.0,14.1
VOTS11,TIVIO SECURITIES FUNDO DE INVESTIMENTO IMOBILIÁRIO,BRVOTSCTF007,17870926000130,Multicategoria,Híbrido,87.48,90.0457073025789,6.1425,12,0.6604666666666666,0.9715066117037939,3716.6216666666664,74550011.67,,,547.0,827913.0,9.2e-05,-2.860466374916848,-2.193595889163502,-3.527336860670194,6.708953403269091,91.96,66.0,2026-08-01,2026-09-17,1,CVM Informe Mensal — Percentual_Dividend_Yield_Mes,31.5,Oportunidade,,81.8,12.7,0.0,0.0,55.0,23.8
CACR11,CARTESIA RECEBÍVEIS IMOBILIÁRIOS FII RESP LIMITADA,BRCACRCTF004,32065364000146,Multicategoria,Híbrido,15.34,92.5916429337654,11.12785,10,0.7358666666666666,0.1656736992017015,449689.106,447803184.92,,,23750.0,4836324.0,0.0001493949847899,-2.134899266106838,-1.149260086364201,-3.1205384458494745,-9.764705882352942,87.5,12.9,2026-08-01,2026-09-18,0,CVM Informe Mensal — Percentual_Dividend_Yield_Mes,31.3,Risco,pvp_fora_da_faixa,0.0,68.1,20.7,20.6,55.0,26.2
BMLC11,BM BRASCAN LAJES FII,BRBMLCCTF004,14376247000111,Outros,Outros,99.94,110.058222,2.6655,12,-4.9999999999999996e-05,0.9080648240891989,15140.689000000002,109882679.49,,,1170.0,998405.0,0.00057,-1.8131877483163974,4.029504534937844,-7.655880031570639,0.8985360928823738,104.0,86.69,2026-08-01,2026-09-18,0,CVM Informe Mensal — Percentual_Dividend_Yield_Mes,31.1,Oportunidade,,91.3,0.0,0.0,0.0,55.0,27.3
AIEC11,ARCH EDIFICIOS CORPORATIVOS FII,BRAIECCTF009,35765826000126,Escritórios,Papel,65.5,75.741561910944,5.4321,12,0.47436666666666666,0.8647828001885424,572967.2813333332,365452051.58,,,10683.0,4824987.0,0.0006262445620719,-18.357402276300544,-6.356264787281662,-30.358539765319424,7.218857423473568,66.0,48.77,2026-08-01,2026-09-18,0,CVM Informe Mensal — Percentual_Dividend_Yield_Mes,30.8,Oportunidade,,97.8,4.8,26.9,15.4,70.0,0.0
FCFL11,CAMPUS FARIA LIM FII,BRFCFLCTF009,11602654000101,Multicategoria,Híbrido,123.83,125.658295,2.9928,12,0.0,0.9854502641469073,147525.707,436538174.37,,,2779.0,3474010.0,0.000269,-3.204616915988001,1.9653128215024074,-8.37454665347841,4.497890295358653,135.0,115.08,2026-08-01,2026-09-18,0,CVM Informe Mensal — Percentual_Dividend_Yield_Mes,30.7,Oportunidade,,79.7,0.0,0.0,20.0,55.0,22.7
RBRI11,RBR DESEN III FII RL,BRRBRICTF007,32441656000136,Multicategoria,Híbrido,225.02,302.259614,-1.307,12,-0.048716666666666665,0.7444593639956147,4478.307000000001,42215088.92,,,139.0,139665.0,0.003255,-27.535598652290005,-61.17806753358765,6.106870229007644,-65.32819722650231,1079.99,225.02,2026-08-01,2026-09-11,7,CVM Informe Mensal — Percentual_Dividend_Yield_Mes,30.5,Oportunidade,,100.0,0.0,0.0,0.0,55.0,0.0
VIUR11,VINCI IMÓVEIS URBANOS FII - RESP LTDA,BRVIURCTF009,36445587000190,Outros,Outros,2.31,3.603866,4.383996,10,0.0,0.6409783271631077,89098.482,97110568.31,,,33872.0,26946220.0,0.000685,-41.95853979693669,-58.75413577911013,-25.16294381476326,2.212389380530988,6.5,1.91,2026-08-01,2026-09-18,0,CVM Informe Mensal — Percentual_Dividend_Yield_Mes,30.5,Oportunidade,,100.0,0.0,0.0,0.0,55.0,0.0
CYLD11,CYRELA LOG FII RL,BRCYLDCTF005,43010601000198,Logística,Tijolo,129.2,117.956709,-0.00039999999999999996,12,-6.666666666666666e-05,1.095317096376434,356630.063,146484185.08,,,123.0,1241847.0,0.000707,3.9048084555481695,-2.011811660332241,9.82142857142858,-1.3665165279792557,149.73,77.21,2026-08-01,2026-09-17,1,CVM Informe Mensal — Percentual_Dividend_Yield_Mes,30.3,Oportunidade,,60.9,0.0,14.8,0.0,55.0,46.3
KEVE11,EVEN II KINEA FII RESPONSABILIDADE LIMITADA,BRKEVECTF007,32317313000164,Residencial,Tijolo,525.0,363.990753088559,36.2407,12,3.8314500000000002,1.4423443330503163,19706.175333333333,53761797.17,,,840.0,147700.99711,0.00124,27.166345461661535,-36.1434995528674,90.47619047619047,-0.0019047256242687993,952.0,456.3,2026-08-01,2026-07-31,49,CVM Informe Mensal — Percentual_Dividend_Yield_Mes,30.2,Risco,"preco_defasado,dy_extremo",0.0,60.0,0.0,0.0,55.0,100.0
ANCR11,FUNDO DE INVESTIMENTO IMOBILIÁRIO ANCAR IC,BRANCRCTF001,07789135000127,Shoppings,Tijolo,270.0,120.290157804486,1.2673,12,0.0,2.244572664364157,908.4856666666667,4313209299.56,,,250.0,35856709.9610135,2.50137896185576e-05,34.7500045878165,39.29167584229967,30.208333333333325,-9.759358288770049,1000.0,147.0,2026-08-01,2026-09-18,0,CVM Informe Mensal — Percentual_Dividend_Yield_Mes,30.0,Oportunidade,,0.0,0.0,0.0,78.5,55.0,100.0
BLUR11,FII BLUE RECEBÍVEIS,BRBLURCTF005,38051307000194,nan,Outros,76.03,76.130227,2.023118,6,0.33718633333333337,0.9986834795593083,4834.265666666667,6851720.42,,,1.0,90000.0,0.003426,,,,22.589487262173492,81.17,62.0,2025-06-01,2025-06-05,470,CVM Informe Mensal — Percentual_Dividend_Yield_Mes,29.9,Oportunidade,"preco_defasado,dy_parcial_6_meses",77.7,0.0,0.0,0.0,55.0,50.0
TRNT11,TORRE NORTE FII,BRTRNTCTF013,04722883000102,Escritórios,Papel,115.0,168.138127,0.08260000000000009,12,0.13945,0.6839614669907677,22064.130999999994,661718024.97,,,491.0,3935562.0,0.000145,-6.289947650411609,-5.5723195432474615,-7.007575757575757,9.523809523809534,117.0,92.5,2026-08-01,2026-09-16,2,CVM Informe Mensal — Percentual_Dividend_Yield_Mes,29.9,Oportunidade,,100.0,0.0,0.0,30.6,70.0,12.4
GLOG11,GENIAL LOGÍSTICA FUNDO DE INVESTIMENTO IMOBILIÁRIO,BRGLOGCTF000,36501198000134,Logística,Tijolo,75.0,78.09303344,4.3284,12,0.3445333333333333,0.9603929658799024,239917.64633333337,58569775.08,,,1441.0,750000.0,0.0006761057208417,-27.45528940101275,-28.169348502076343,-26.74123029994916,2.7397260273972712,75.0,58.76,2026-07-01,2026-06-15,95,CVM Informe Mensal — Percentual_Dividend_Yield_Mes,29.8,Oportunidade,preco_defasado,83.4,0.0,4.7,0.0,55.0,0.0
XPIN11,INVISTA INDUSTRIAL FII,BRXPINCTF004,28516325000140,Logística,Tijolo,62.04,48.26374971,8.80638579,12,0.6469937983333334,1.285436800347604,770466.7893333331,345106177.76,,,35837.0,7150422.0,0.000165,-34.342105569975686,-52.968883874493585,-15.715327265457791,-2.1451104100946417,82.99,60.05,2026-08-01,2026-07-06,74,CVM Informe Mensal — Percentual_Dividend_Yield_Mes,29.7,Oportunidade,preco_defasado,22.9,42.3,34.5,13.9,55.0,0.0
LTMT11,SPECIALE BLUE REAL ASSET FII,BRLTMTCTF000,46449786000120,Multicategoria,Híbrido,93.78,94.03212417,0.0,12,0.0,0.9973187442884499,115121.19285714286,16143499.52,,,225.0,171680.6853,0.00172,3.7601428021666328,4.780559576935994,2.7397260273972712,-1.985785953177266,98.42,93.78,2026-08-01,2026-04-01,170,CVM Informe Mensal — Percentual_Dividend_Yield_Mes,29.6,Oportunidade,preco_defasado,77.9,0.0,0.0,0.0,55.0,45.9
VTPL11,PLUS FII,BRVTPLCTF009,15098422000119,Outros,Outros,65.9,120.418572,6.376799999999999,12,0.41586666666666666,0.547257776815357,68.83333333333333,166929282.32,,,125.0,1386242.0,0.00025,9.345686354073779,17.884921095244334,0.8064516129032251,-8.599167822468779,72.1,65.9,2026-08-01,2025-09-25,358,CVM Informe Mensal — Percentual_Dividend_Yield_Mes,29.4,Risco,preco_defasado,54.6,15.3,0.0,0.0,55.0,64.5
RENV11,CPV ENERGIA FUNDO DE INVESTIMENTO IMOBILIÁRIO RESP LIMITADA,BRRENVCTF003,54174907000104,Multicategoria,Híbrido,6.48,14.3242862248903,6.3975,12,0.5609833333333333,0.4523785617143116,14569.925999999998,14708091.15,,,898.0,1026794.0,0.0006,35.32736605122173,0.25625012900891697,70.39848197343454,10.769230769230775,8.09,4.5,2026-08-01,2026-09-18,0,CVM Informe Mensal — Percentual_Dividend_Yield_Mes,29.3,Risco,,39.7,15.5,0.0,0.0,55.0,100.0
ROOF11,FII ROOFTOP I,BRROOFCTF003,38456598000109,Multicategoria,Híbrido,247.97,280.6043017,0.0,12,0.0,0.8836999236922247,6297.280769230768,21745430.36,,,83.0,77495.0,0.000949,-11.475661222664135,-25.420458247797416,2.4691358024691468,-46.09347826086957,460.0,247.97,2026-08-01,2026-09-17,1,CVM Informe Mensal — Percentual_Dividend_Yield_Mes,29.2,Oportunidade,,94.9,0.0,0.0,0.0,55.0,0.0
RNGO11,FUNDO DE INVESTIMENTO IMOBILIÁRIO RIO NEGRO,BRRNGOCTF003,15006286000190,Escritórios,Papel,53.56,84.2190171786248,6.1533,12,0.6026666666666666,0.635960876703199,40407.10933333333,225370089.97,,,6316.0,2676000.0,0.000291,-7.654599702889242,0.4212875855490683,-15.730486991327552,2.330913259457401,55.01,48.39,2026-08-01,2026-09-18,0,CVM Informe Mensal — Percentual_Dividend_Yield_Mes,29.0,Oportunidade,,100.0,12.8,0.0,3.1,70.0,7.8
STYI11,STRIVO YIELD FUNDO DE INVESTIMENTO IMOBILIÁRIO,BRSTYICTF003,59678586000190,Multicategoria,Híbrido,900.01,994.637288464874,0.0,12,0.0,0.904862516655773,16036.821,86011259.52,,,3.0,86475.0,0.000592,-47.37147294501507,2.065564748267734,-96.80851063829788,-22.412931034482764,1699.0,900.0,2026-08-01,2026-09-18,0,CVM Informe Mensal — Percentual_Dividend_Yield_Mes,28.4,Oportunidade,,91.8,0.0,0.0,0.0,55.0,0.0
HAAA11,HEDGE AAA FUNDO DE INVESTIMENTO IMOBILIÁRIO,BRHAAACTF003,27445482000140,Escritórios,Papel,56.0,65.4573157105644,3.1948,12,0.08241666666666665,0.8555193471057957,2011.9269999999997,226155025.78,,,216.0,3455000.0,0.00025,-1.2347583668338824,-1.5520855410072198,-0.917431192660545,0.2865329512893977,69.98,22.62,2026-08-01,2026-09-15,3,CVM Informe Mensal — Percentual_Dividend_Yield_Mes,28.2,Oportunidade,,99.2,0.0,0.0,3.1,70.0,29.2
PEMA11,PERFORMA REAL ESTATE - FUNDO DE INVESTIMENTO IMOBILIÁRIO,BRPEMACTF003,34736510000143,Multicategoria,Híbrido,23.84,57.7901673369565,9.6893,11,0.6074666666666667,0.4125269245371167,4532.2390000000005,31900172.37,,,273.0,552000.0,0.000213928624612,-5.992713055339566,-4.842568967821991,-7.14285714285714,-35.56756756756757,53.9,23.84,2026-08-01,2026-09-17,1,CVM Informe Mensal — Percentual_Dividend_Yield_Mes,28.2,Risco,,33.4,52.1,0.0,0.0,55.0,13.4
BVAR11,FUNDO DE INVESTIMENTO IMOBILIÁRIO BRASIL VAREJO,BRBVARCTF006,21126204000143,Varejo,Tijolo,1144.33,679.172971592544,19.0477,12,2.2735666666666665,1.6848874261246625,1845.141111111111,424849860.65,,1.0,127.0,625540.0,0.000209,-8.199882927419406,-13.346330740334988,-3.053435114503822,-18.26214285714286,1400.0,1144.33,2026-08-01,2026-07-17,63,CVM Informe Mensal — Percentual_Dividend_Yield_Mes,28.1,Oportunidade,preco_defasado,0.0,82.0,0.0,19.3,55.0,6.0
FPAB11,FII PROJ AGUA BRANCA,BRFPABCTF011,03251720000118,Escritórios,Papel,198.0,358.12125,3.4595,12,0.07905,0.5528853705274401,24067.135333333335,268590937.73,,,646.0,750000.0,0.000338,-3.7291797512426728,0.25592621180037245,-7.714285714285718,-0.5025125628140725,249.0,170.05,2026-08-01,2026-09-18,0,CVM Informe Mensal — Percentual_Dividend_Yield_Mes,27.8,Oportunidade,,100.0,0.0,0.0,7.5,70.0,20.9
GCDL11,FII GALAPAGOS DESENVOLVIMENTO RESP LTDA,BRGCDLCTF002,56061587000101,Logística,Tijolo,127.05,113.73296359,0.0,12,0.0,1.1170903842619195,43894.24666666667,45050877.94,,,2024.0,396111.0,0.000366,6.164882575092678,10.004183754836514,2.3255813953488413,1.4776357827475994,127.05,104.2,2026-08-01,2026-09-18,0,CVM Informe Mensal — Percentual_Dividend_Yield_Mes,27.8,Oportunidade,,56.6,0.0,0.0,0.0,55.0,53.9
CJCT11,CIDADE JARDIM CONTINENTAL TOWER FII,BRCJCTCTF001,10347985000180,Escritórios,Papel,77.4,80.5846392655539,4.2951,12,0.3747666666666667,0.9604808150215897,26704.391999999996,265526386.38,,,778.0,3295000.0,0.000565,2.847021330026884,15.855705477605731,-10.161662817551964,15.539632781012113,77.48,49.02,2026-08-01,2026-09-17,1,CVM Informe Mensal — Percentual_Dividend_Yield_Mes,27.7,Oportunidade,,83.4,0.0,0.0,7.2,70.0,42.8
APXM11,APEX MALLS FII,BRAPXMCTF003,43010485000107,Shoppings,Tijolo,57.0,125.452447,4.1316,12,0.2887166666666667,0.4543554260045641,117909.89966666666,354922785.61,,,728.0,2829142.0,0.000333,11.894674293294592,1.6416975798777766,22.14765100671141,36.690647482014384,98.87,38.15,2026-08-01,2026-09-18,0,CVM Informe Mensal — Percentual_Dividend_Yield_Mes,27.7,Risco,,40.0,0.0,0.0,14.7,55.0,73.0
HRES11,FII HIRE RESIDENCIAL I - FII - RESP LIMI,BRHRESCTF001,42869853000104,Multicategoria,Híbrido,145.45,77.41464075,27.867430000000002,12,1.2030136666666669,1.8788435700387847,1071842.95,36248775.81,,,133.0,468241.8656,0.000434,-21.121727494948228,-39.32374696069938,-2.9197080291970767,-1.4833378488214533,147.64,145.45,2026-08-01,2025-09-24,359,CVM Informe Mensal — Percentual_Dividend_Yield_Mes,26.9,Risco,preco_defasado,0.0,60.0,42.9,0.0,55.0,0.0
HGIC11,HGI FII RESP LIMITADA,BRHGICCTF009,38456508000171,Multicategoria,Híbrido,43.93,110.75205929,7.569440999999999,12,0.56977,0.3966517668531199,6380.342333333333,51245748.91,,1.0,727.0,462706.9622,0.000361,9.317486471870973,0.23106414895366356,18.403908794788283,-14.115347018572821,73.9,43.93,2026-08-01,2026-09-18,0,CVM Informe Mensal — Percentual_Dividend_Yield_Mes,26.8,Risco,,30.9,28.5,0.0,0.0,55.0,64.4
OCRE11,OCTO FUNDO DE INVESTIMENTO IMOBILIARIO,BROCRECTF001,44680435000108,Multicategoria,Híbrido,64.2,132.565107332304,4.3145999999999995,12,0.28378333333333333,0.48429033319505704,8031.154666666666,64027090.93,,,435.0,482986.0,0.0003,33.513749956873596,74.07878196502924,-7.051282051282048,-4.179104477611939,104.0,55.02,2026-08-01,2026-09-18,0,CVM Informe Mensal — Percentual_Dividend_Yield_Mes,26.7,Risco,,44.7,0.0,0.0,0.0,55.0,100.0
BICE11,BRIO CRÉDITO ESTRUTURADO - FUNDO DE INVESTIMENTO IMOBILIÁRIO,BRBICECTF007,39332032000120,Residencial,Tijolo,400.0,795.758309247905,5.8644,11,0.5958333333333333,0.5026651878483707,591334.7476666666,106165299.07,,,120.0,133414.0,0.000485520037635,-11.848277411866754,-26.260657387836062,2.564102564102555,-54.967632986208834,930.0,400.0,2026-08-01,2026-08-31,18,CVM Informe Mensal — Percentual_Dividend_Yield_Mes,26.2,Risco,preco_defasado,47.6,9.6,27.7,0.0,55.0,0.0
PNPR11,PANORAMA PROPERTIES - FII,BRPNPRCTF001,26813118000122,Multicategoria,Híbrido,45.0,38.6808740295285,0.0,4,0.0,1.1633656459170896,1409608.7633333332,34728336.7,,1.0,13.0,897816.75236937,0.0,-6.35121325694965,6.047573486100699,-18.75,-20.283436669619135,56.45,42.0,2026-08-01,2026-08-31,18,CVM Informe Mensal — Percentual_Dividend_Yield_Mes,26.0,Oportunidade,"preco_defasado,dy_parcial_4_meses",47.3,0.0,49.9,0.0,55.0,12.2
BTRA11,TERRAS AGRICOLAS FII,BRBTRACTF000,41076607000132,Outros,Outros,57.23,113.351806,4.9742999999999995,12,0.4296333333333333,0.5048882944132359,237568.267,381378840.51,,,11679.0,3364559.0,0.001004,,,,-2.7031621897313896,62.25,41.62,2025-12-01,2025-11-24,298,CVM Informe Mensal — Percentual_Dividend_Yield_Mes,25.6,Risco,preco_defasado,47.9,0.0,4.4,16.5,55.0,50.0
LRDI11,LEBLON REALTY FII,BRLRDICTF006,41088534000107,Multicategoria,Híbrido,172.0,87.673497,8.554166,12,-0.00025,1.9618243355799987,2061.2263333333335,32460586.27,,,149.0,370244.0,0.001646,29.12761305432532,9.255226108650639,49.0,53.846153846153854,200.0,80.54,2026-08-01,2026-09-18,0,CVM Informe Mensal — Percentual_Dividend_Yield_Mes,25.4,Oportunidade,,0.0,39.5,0.0,0.0,55.0,100.0
KONG11,CAP ARTON JP FII,BRKONGCTF008,66743243000128,Escritórios,Papel,101.0,96.622449,-0.00019999999999999998,4,-4.9999999999999996e-05,1.0453057342812746,1313.0,66498468.17,,,177.0,688230.0,0.001051,,,,,101.0,101.0,2026-08-01,2026-08-25,24,CVM Informe Mensal — Percentual_Dividend_Yield_Mes,25.1,Oportunidade,"preco_defasado,dy_parcial_4_meses",70.7,0.0,0.0,0.0,70.0,50.0
NEWU11,NEWPORT RENDA URBANA FII,BRNEWUCTF005,14793782000178,Multicategoria,Híbrido,108.51,93.3722351761166,5.987,12,0.543,1.1621227637458917,49561.70333333334,71215470.63,,,1027.0,762705.0,0.0015720740031568,3.759534318681962,14.24023121683713,-6.721162579473205,-0.44954128440366503,118.0,73.0,2026-08-01,2026-09-18,0,CVM Informe Mensal — Percentual_Dividend_Yield_Mes,24.7,Oportunidade,,47.6,11.0,0.0,0.0,55.0,45.9
DPRO11,DEVANT PROPERTIES FUNDO DE INVESTIMENTO IMOBILIÁRIO,BRDPROCTF005,42922127000108,Multicategoria,Híbrido,5.09,9.37557060053326,4.4999,12,0.643,0.5429002902191886,1146.7163333333333,46908042.34,,,806.0,5003220.0,0.00032,6.099021807647764,2.5381796697173,9.659863945578229,2.208835341365445,7.12,4.8,2026-08-01,2026-09-18,0,CVM Informe Mensal — Percentual_Dividend_Yield_Mes,24.3,Risco,,53.9,0.0,0.0,0.0,55.0,53.7
CEOC11,CEO CYRELA FII,BRCEOCCTF003,15799397000109,Escritórios,Papel,41.02,67.90512,2.6653,12,-6.666666666666666e-05,0.6040781608220411,27397.16166666667,123295054.67,,,3524.0,1815696.0,0.000541,-8.924860107439775,-6.59310978929406,-11.256610425585489,0.6625766871165784,48.11,37.74,2026-08-01,2026-09-18,0,CVM Informe Mensal — Percentual_Dividend_Yield_Mes,24.0,Oportunidade,,100.0,0.0,0.0,0.0,70.0,3.6
SHPP11,SHOP PT PAULISTA FII,BRSHPPCTF001,59090726000105,Multicategoria,Híbrido,12.84,9.717008,6.3629,12,0.4573833333333333,1.3213944045327533,34109.541333333334,496222504.6,,,135.0,51067415.0,0.000208,11.808513014631316,11.117026029262632,12.5,5.418719211822665,19.99,9.0,2026-08-01,2026-09-18,0,CVM Informe Mensal — Percentual_Dividend_Yield_Mes,24.0,Oportunidade,,15.7,15.1,0.0,23.2,55.0,72.7
PNDL11,PANORAMA DESENVOLVIMENTO LOGÍSTICO - FII,BRPNDLCTF000,37899400000190,Multicategoria,Híbrido,160.0,89.8953620125821,,0,,1.7798471068797275,2411621.042,12974777.39,,,57.0,144332.0,0.0,-43.944881652763115,-91.52612694188987,3.6363636363636376,-84.61538461538461,1200.0,160.0,2026-08-01,2026-06-01,109,CVM Informe Mensal — Percentual_Dividend_Yield_Mes,23.8,Oportunidade,preco_defasado,0.0,35.0,63.6,0.0,55.0,0.0
VINO11,VINCI OFFICES FUNDO DE INVESTIMENTO IMOBILIÁRIO,BRVINOCTF001,12516185000170,Multicategoria,Híbrido,4.29,9.82847145305727,5.3471,12,0.41703333333333337,0.436486998053552,345080.57433333335,814055875.97,,1.0,121900.0,82826295.0,0.0004443356416646,-8.998205676240078,-3.6460558256540376,-14.35035552682612,-1.3793103448275779,5.6,4.17,2026-08-01,2026-09-18,0,CVM Informe Mensal — Percentual_Dividend_Yield_Mes,23.6,Risco,,37.2,3.9,13.9,35.9,55.0,3.3
SAIC11,FUNDO DE INVESTIMENTO IMOBILIÁRIO - FII SIA CORPORATE,BRSAICCTF009,17311079000174,Escritórios,Papel,34.04,39.5400831969449,0.0,12,0.0,0.8608985426371114,79.41666666666667,56532038.55,,,45.0,1429740.0,0.038171,-14.456895970335658,-28.913791940671317,0.0,0.0882093501911152,34.04,34.01,2026-08-01,2025-05-06,500,CVM Informe Mensal — Percentual_Dividend_Yield_Mes,23.2,Oportunidade,preco_defasado,98.4,0.0,0.0,0.0,70.0,0.0
AVUR15,ARCH VANGUARDA UNIDADES RESIDENCIAIS FII,BRAVURCTF014,57109239000111,Multicategoria,Híbrido,115.1,91.5094165,7.005067,7,1.1675111666666667,1.2577940544512158,196590.8,23014618.25,,,1.0,251500.0,0.001843,,,,,115.1,115.1,2026-08-01,2026-08-17,32,CVM Informe Mensal — Percentual_Dividend_Yield_Mes,23.2,Oportunidade,"preco_defasado,dy_parcial_7_meses",28.4,22.3,0.0,0.0,55.0,50.0
GFDL11,FII GALAPAGOS F DESENV LOGIST RESP LTDA,BRGFDLCTF005,58523711000120,Logística,Tijolo,120.2,97.82451494,0.0,12,0.0,1.2287308562043355,37120.91633333334,28445314.63,,,1858.0,290779.0,0.000292,8.226207745040771,13.80048178842408,2.6519337016574607,1.5459998310382694,120.2,102.96,2026-08-01,2026-09-17,1,CVM Informe Mensal — Percentual_Dividend_Yield_Mes,22.9,Oportunidade,,34.3,0.0,0.0,0.0,55.0,60.8
RECT11,FUNDO REC RENDA IMOBILIARIA,BRRECTCTF000,32274163000159,Multicategoria,Híbrido,33.03,89.8584363234101,5.6402,12,0.5014166666666667,0.36757817464262904,414197.55733333336,767704921.72,,2.0,45423.0,8543493.0,0.0001423402884472,-7.103936364541092,-1.2334498916456438,-12.974422837436538,0.15160703456642555,40.88,31.28,2026-08-01,2026-09-18,0,CVM Informe Mensal — Percentual_Dividend_Yield_Mes,22.8,Risco,,26.3,7.1,18.6,34.4,55.0,9.7
FVPQ11,VIA PARQUE SHOPPING FII RESP LTDA,BRFVPQCTF015,00332266000131,Shoppings,Tijolo,50.32,92.0647311482353,4.0505,12,0.45141666666666663,0.5465719540198162,33464.043333333335,257794964.86,,,3308.0,2800149.0,0.000317,-28.33038938599982,-41.329322411620836,-15.331456360378803,-5.0566037735849,79.95,48.71,2026-08-01,2026-09-18,0,CVM Informe Mensal — Percentual_Dividend_Yield_Mes,22.8,Risco,,54.5,0.0,0.0,6.5,55.0,0.0
HRDF11,HEDGE REALTY DEVELOPMENT FUNDO DE INVESTIMENTO IMOBILIÁRIO,BRHRDFCTF000,16929519000199,Multicategoria,Híbrido,3.97,7.85897005123812,0.0,12,0.0,0.505155252420711,280.798,11925397.63,,,820.0,1517425.0,0.000634,3.1276746102494926,14.839518674233654,-8.584169453734669,-15.531914893617015,9.0,3.0,2026-08-01,2026-09-14,4,CVM Informe Mensal — Percentual_Dividend_Yield_Mes,21.9,Risco,,48.0,0.0,0.0,0.0,55.0,43.8
BLMO11,VBI OFFICE FUND II FII,BRBLMOCTF009,34895894000147,Escritórios,Papel,93.98,98.7796637964484,5.4212,11,0.49849999999999994,0.9514104056241891,6233.071666666668,98267392.46,,,267.0,994814.0,0.0008314951476224,-10.201080683151336,-5.7056757432994765,-14.696485623003197,6.072234762979689,95.0,69.01,2026-08-01,2026-09-17,1,CVM Informe Mensal — Percentual_Dividend_Yield_Mes,21.9,Oportunidade,,84.8,4.7,0.0,0.0,70.0,0.0
VCRR11,PATRIA RENDA RESIDENCIAL FII RESPONSABILIDADE LIMITADA I,BRVCRRCTF008,40041723000153,Logística,Tijolo,55.61,103.279978595,4.8181,12,0.41206666666666664,0.5384393060156211,166856.96533333333,206559957.19,,,2495.0,2000000.0,0.0007258091647554,-24.405012920354757,-18.30863308304935,-30.501392757660163,2.981481481481474,74.89,51.11,2026-08-01,2026-09-18,0,CVM Informe Mensal — Percentual_Dividend_Yield_Mes,21.7,Risco,,53.2,0.0,0.0,0.8,55.0,0.0
APXR11,APEX REALTY FII,BRAPXRCTF002,52446271000179,Residencial,Tijolo,99.0,78.087282,-2.1896999999999998,12,-0.3315333333333333,1.2678120875048513,15304.654666666664,8555789.27,,,182.0,109567.0,0.007076,9.298578408640502,-0.35709154873206916,18.954248366013072,-1.0000000000000009,100.05,62.0,2026-08-01,2026-09-09,9,CVM Informe Mensal — Percentual_Dividend_Yield_Mes,21.3,Oportunidade,preco_defasado,26.4,0.0,0.0,0.0,55.0,64.3
CARE11,BRAZILIAN GRAVEYARD AND DEATH CARE SERVICES FUNDO DE INV.,BRCARECTF000,13584584000131,Multicategoria,Híbrido,4.0,34.3726574976434,56.8102,12,9.290033333333334,0.11637156656491401,8495.011666666667,247525291.36,,,6893.0,7201226.48,0.001445,-20.96611142128958,-0.8467527571090705,-41.085470085470085,37.93103448275863,6.0,0.94,2026-08-01,2026-09-18,0,CVM Informe Mensal — Percentual_Dividend_Yield_Mes,21.3,Risco,"pvp_fora_da_faixa,dy_extremo",0.0,60.0,0.0,5.4,55.0,0.0
VXXV11,GENESIS MULTIESTRATÉGIA  FII,BRVXXVCTF004,30982974000189,Outros,Outros,813.34,502.594196620455,0.0,1,0.0,1.6182837077488412,43628091.39333333,240177201.71,,,15.0,477875.0,0.0005339839880175,-19.945867727387274,-18.839103875827178,-21.052631578947366,6.597640891218881,815.0,683.0,2026-08-01,2026-09-18,0,CVM Informe Mensal — Percentual_Dividend_Yield_Mes,21.2,Oportunidade,dy_parcial_1_meses,0.0,0.0,100.0,4.7,55.0,0.0
VIFI11,VINCI INSTRUMENTOS FINANCEIROS FII,BRVIFICTF009,31547855000160,Títulos e Val. Mob.,Papel,7.53,0.0,1.7531999999999999,4,0.43829999999999997,,2704269.2987499996,0.0,,,0.0,0.0,0.0,,,,12.556053811659185,7.86,6.55,2025-04-01,2025-01-23,603,CVM Informe Mensal — Percentual_Dividend_Yield_Mes,21.0,Oportunidade,"preco_defasado,vp_cota_nao_positivo,dy_parcial_4_meses",0.0,0.0,66.6,0.0,70.0,50.0
CFII11,CF3 FUNDO DE INVESTIMENTO IMOBILIÁRIO,BRCFIICTF009,41325993000159,Multicategoria,Híbrido,365.0,207.191221114797,10.583625,12,0.11997083333333332,1.7616576514975362,1330.195238095238,26172187.86,,2.0,107.0,126319.0,0.0005378,-40.44528656984609,-76.42628742540647,-4.46428571428571,-57.73799874950791,863.66,365.0,2026-08-01,2026-09-02,16,CVM Informe Mensal — Percentual_Dividend_Yield_Mes,21.0,Oportunidade,preco_defasado,0.0,62.0,0.0,0.0,55.0,0.0
PATC11,PATRIA EDIFICIOS CORPORATIVOS FII,BRPATCCTF002,30048651000112,Outros,Outros,37.5,34.2640411723127,1.8852,12,0.18456666666666666,1.0944418322232854,46180.40066666667,119150941.75,,,4056.0,3477434.0,0.0018831889761374,-19.093318590264225,-16.791288343319145,-21.395348837209305,-3.7968188814776704,50.28,35.02,2026-08-01,2026-09-18,0,CVM Informe Mensal — Percentual_Dividend_Yield_Mes,20.8,Oportunidade,,61.1,0.0,0.0,0.0,55.0,0.0
ASRF11,DAYCOVAL RET FII RL,BRASRFCTF003,45188033000145,Multicategoria,Híbrido,12290.0,9488.031955,-2.2044,12,-0.16021666666666667,1.2953160421770522,163511.38333333333,37952127.82,,,98.0,4000.0,0.001335,20.937703780618726,-2.2422394975860738,44.11764705882353,11.99198104610899,12290.0,10888.0,2026-08-01,2026-09-04,14,CVM Informe Mensal — Percentual_Dividend_Yield_Mes,20.7,Oportunidade,preco_defasado,20.9,0.0,0.0,0.0,55.0,100.0
FIVN11,FUNDO DE INVESTIMENTO IMOBILIÁRIO VIDA NOVA - FII,BRFIVNCTF009,17854016000164,Shoppings,Tijolo,2.55,5.96582234614555,0.0,12,0.0,0.42743478636227344,1323.227333333333,56154078.39,,,4195.0,9412630.0,0.000389,0.4089774827636783,1.457462308019064,-0.6395073424917075,5.8091286307053736,5.27,2.01,2026-08-01,2026-09-18,0,CVM Informe Mensal — Percentual_Dividend_Yield_Mes,20.7,Risco,,35.7,0.0,0.0,0.0,55.0,34.7
HCTR11,FII HECTARE CE,BRHCTRCTF003,30248180000196,Multicategoria,Híbrido,12.69,105.11968729,3.29591,12,0.2572425,0.1207195371975502,655190.5466666667,2321484503.3,,,118112.0,22084202.904,7e-06,-6.585336501206134,0.9121947815728282,-14.082867783985098,-8.70503597122303,23.3,12.51,2026-08-01,2026-09-18,0,CVM Informe Mensal — Percentual_Dividend_Yield_Mes,20.6,Risco,pvp_fora_da_faixa,0.0,0.0,30.3,62.7,55.0,11.4
GRAV11,GRAVATAI SHOPPING FII DE RESPONSABILIDADE LIMITADA,BRGRAVCTF005,22459737000100,Shoppings,Tijolo,36.5,29.7509493495809,0.0,12,0.0,1.226851606350981,142094.5,75070451.49,,,93.0,2523296.0,0.000627,-0.34858940940237226,0.366650968429294,-1.0638297872340385,0.0,36.5,36.5,2026-08-01,2026-08-11,38,CVM Informe Mensal — Percentual_Dividend_Yield_Mes,20.1,Oportunidade,preco_defasado,34.6,0.0,0.0,0.0,55.0,32.2
RBTS11,RB CAPITAL TFO SITUS FUNDO DE INVESTIMENTO IMOBILIÁRIO - FII,BRRBTSCTF002,29299737000139,Multicategoria,Híbrido,275.0,246.715577532065,2.1777,12,0.0,1.1146438451550913,4062.52,13945598.02,,,124.0,56525.0,0.000939,-20.82837971656015,-34.889842139887215,-6.766917293233088,-17.442209546682687,530.0,275.0,2026-08-01,2026-09-17,1,CVM Informe Mensal — Percentual_Dividend_Yield_Mes,19.8,Oportunidade,,57.1,0.0,0.0,0.0,55.0,0.0
FISC11,FII SC 401 - RESPONSABILIDADE LIMITADA,BRFISCCTF008,12804013000100,Escritórios,Papel,60.5,111.181990128212,5.4611,12,0.5354166666666667,0.5441528788091765,2113.291,189008938.49,,,214.0,1699996.0,0.000259,-3.1831891906198115,-2.3305039417777396,-4.0358744394618835,-19.333333333333336,79.0,53.89,2026-08-01,2026-09-18,0,CVM Informe Mensal — Percentual_Dividend_Yield_Mes,19.3,Risco,,54.1,5.1,0.0,0.0,70.0,22.7
PNRC11,PANORAMA REAL ESTATE CREDITO FII,BRPNRCCTF009,46157348000198,Multicategoria,Híbrido,28.13,4.86717746891002,9.879999999999999,9,1.1129666666666667,5.779530370463268,51.769999999999996,1996029.48,,1.0,103.0,410100.0,0.0012524865113715,-45.14614437950106,-88.3875268542402,-1.904761904761909,-53.11666666666667,61.0,28.13,2026-08-01,2026-06-15,95,CVM Informe Mensal — Percentual_Dividend_Yield_Mes,19.1,Risco,"preco_defasado,pvp_fora_da_faixa,dy_parcial_9_meses",0.0,54.2,0.0,0.0,55.0,0.0
MAXR11,MAX RETAIL FII,BRMAXRCTF009,11274415000170,Multicategoria,Híbrido,50.5,93.615159,4.0293,12,0.39411666666666667,0.5394425490427249,31750.613333333335,105378371.93,,,3384.0,1125655.0,0.000678,-15.078541316539313,-8.708614666504811,-21.448467966573816,3.6109971276159225,66.72,46.31,2026-08-01,2026-09-18,0,CVM Informe Mensal — Percentual_Dividend_Yield_Mes,18.8,Risco,,53.3,0.0,0.0,0.0,55.0,0.0
RBRS11,RIO BRAVO RENDA RESIDENCIAL FII,BRRBRSCTF006,36517660000191,Residencial,Tijolo,45.04,95.9006203267177,2.0846,12,0.18241666666666667,0.4696528536161299,17365.875666666667,73311421.01,,1.0,854.0,764452.0,0.000834,-34.23930731800134,-55.978614636002675,-12.5,9.853658536585375,59.96,31.99,2026-08-01,2026-09-18,0,CVM Informe Mensal — Percentual_Dividend_Yield_Mes,18.8,Risco,,42.4,0.0,0.0,0.0,55.0,0.0
KNRE11,KINEA II REAL ESTATE EQUITY FII RESPONSABILIDADE LIMITADA,BRKNRECTF006,14423780000197,Residencial,Tijolo,0.22,0.586810312512947,0.1955,12,0.0,0.37490820339860004,1537.915666666667,10883665.46,,,6749.0,18547161.2,5.9e-05,0.842847902037791,-12.723526097941718,14.4092219020173,-29.032258064516125,0.38,0.2,2026-08-01,2026-09-17,1,CVM Informe Mensal — Percentual_Dividend_Yield_Mes,18.7,Risco,,27.5,0.0,0.0,0.0,55.0,36.1
RBDS11,RB CAPITAL DESENVOLVIMENTO RESIDENCIAL II FII - FII,BRRBDSCTF006,11945604000127,Residencial,Tijolo,2.09,24.5755220789896,0.0,12,0.0,0.08504397152916673,240.36833333333334,3109368.78,,,797.0,126523.0,0.0,23.773045704351553,50.46935572051796,-2.923264311814855,20.114942528735625,3.44,1.4,2026-08-01,2026-09-15,3,CVM Informe Mensal — Percentual_Dividend_Yield_Mes,18.2,Risco,pvp_fora_da_faixa,0.0,0.0,0.0,0.0,55.0,100.0
SJAU11,SJ AU LOGÍSTICA FII,BRSJAUCTF009,27771547000147,Hospital,Tijolo,1.62,14.79658721,0.0,12,0.0,0.10948470596687006,1069.6576666666667,11737019.93,,,864.0,793224.8,0.002663,71.62134569147219,3.2426913829443738,140.0,-14.28571428571428,8.7,0.29,2026-08-01,2026-09-18,0,CVM Informe Mensal — Percentual_Dividend_Yield_Mes,18.2,Risco,pvp_fora_da_faixa,0.0,0.0,0.0,0.0,55.0,100.0
IBCR11,CRI BREI FII RL,BRIBCRCTF009,40011251000196,Outros,Outros,41.25,88.471584,-0.00039999999999999996,12,-6.666666666666666e-05,0.4662514011278469,50343.49833333334,84793201.07,,,3597.0,958423.0,0.00112,-3.9631838560756694,-0.9201629551709889,-7.00620475698035,9.416445623342163,57.0,37.11,2026-08-01,2026-09-18,0,CVM Informe Mensal — Percentual_Dividend_Yield_Mes,18.0,Risco,,41.8,0.0,0.0,0.0,55.0,20.1
MGHT11,TZDK FII RL,BRMGHTCTF005,34197776000165,Multicategoria,Híbrido,12.67,24.722525,-9.895010000000001,12,-1.4756,0.512488105482753,8219.808,32480057.15,,1.0,3046.0,1313784.0,0.001166,-11.513610056306877,3.8746277395580675,-26.901847852171823,11.2379280070237,20.01,9.99,2026-08-01,2026-09-18,0,CVM Informe Mensal — Percentual_Dividend_Yield_Mes,17.8,Risco,,49.1,0.0,0.0,0.0,55.0,0.0
ZIFI11,ZION CAPITAL FUNDO DE INVESTIMENTO IMOBILIÁRIO - FII RL,BRZIFICTF000,35820768000196,Outros,Outros,749.99,1532.90724755186,0.0,12,0.0,0.4892598695699147,2554.5733333333333,72790100.65,,,86.0,47485.0,0.000309,-10.353585161297346,-13.18028860216458,-7.5268817204301115,5.63239436619718,999.99,470.0,2026-08-01,2026-08-07,42,CVM Informe Mensal — Percentual_Dividend_Yield_Mes,16.9,Risco,preco_defasado,45.5,0.0,0.0,0.0,55.0,0.0
JFLL11,JFL LIVING FII,BRJFLLCTF002,36501181000187,Multicategoria,Híbrido,51.02,104.05587477,4.101391,12,0.19110799999999997,0.49031349851963774,27673.805333333337,156146037.57,,2.0,1931.0,1500598.0,0.000306,-13.117749885710506,-3.0453645287798037,-23.190135242641208,-3.3712121212121082,71.5,50.51,2026-08-01,2026-09-18,0,CVM Informe Mensal — Percentual_Dividend_Yield_Mes,16.9,Risco,,45.6,0.0,0.0,0.0,55.0,0.0
MMVE11,MARESIAS IMOBILIÁRIAS FUNDO DE INVESTIMENTO IMOBILIÁRIO,BRMMVECTF006,41251337000159,Multicategoria,Híbrido,70.0,153.319243138724,0.0,12,0.0,0.45656369394325574,113696.79310344828,78974895.46,,,110.0,515101.0,0.00016003,-7.28287562588188,4.551895807059769,-19.11764705882353,-55.55555555555556,157.5,70.0,2026-08-01,2026-08-31,18,CVM Informe Mensal — Percentual_Dividend_Yield_Mes,16.5,Risco,preco_defasado,40.3,0.0,0.0,0.0,55.0,9.1
DEVA11,DEVANT RECEBÍVEIS IMOBILIÁRIOS FII,BRDEVACTF000,37087810000137,Multicategoria,Híbrido,16.93,96.43820547,4.135656,12,0.32289633333333334,0.17555283113668663,441491.9983333333,1354465723.47,,,71564.0,14044908.0,6.3e-05,-8.419478858377538,-0.503336874312621,-16.335620842442456,0.5344418052256605,28.18,15.87,2026-08-01,2026-09-18,0,CVM Informe Mensal — Percentual_Dividend_Yield_Mes,16.4,Risco,pvp_fora_da_faixa,0.0,0.0,20.2,48.9,55.0,5.3
YUFI11,YUCA FUNDO DE INVESTIMENTO IMOBILIARIO,BRYUFICTF008,36445551000106,Residencial,Tijolo,15.0,40.3494807266822,0.33490000000000003,12,0.029333333333333333,0.37175199605681264,59507.507999999994,19878171.68,,27.0,56.0,492650.0,0.0010299287243101,-6.030899935492151,-12.061799870984302,0.0,-74.7983870967742,59.52,15.0,2026-08-01,2026-03-20,182,CVM Informe Mensal — Percentual_Dividend_Yield_Mes,16.3,Risco,preco_defasado,27.0,0.0,0.0,0.0,55.0,13.2
VPPR11,V2 PRIME PROPERTIES. FII,BRVPPRCTF004,30654849000140,Escritórios,Papel,20.54,41.27528344,0.0,12,0.0,0.49763437796515825,155171.52033333332,301977031.73,,,28606.0,7316171.0,0.000787,-7.962727848309381,5.072086350938476,-20.99754204755724,1.1822660098522064,23.69,12.8,2026-08-01,2026-09-18,0,CVM Informe Mensal — Percentual_Dividend_Yield_Mes,15.5,Risco,,46.8,0.0,0.0,10.5,70.0,6.8
URPR11,URCA PRIME RENDA FI IMOBILIÁRIO,BRURPRCTF002,34508872000187,Outros,Outros,19.4,91.06819851,4.249338,12,0.3533638333333333,0.21302716335021962,439561.5763333334,1068584679.16,,,53862.0,11733895.0,0.000134,-15.020418234930677,-9.068361559361914,-20.97247491049944,-0.5128205128205221,43.95,17.65,2026-08-01,2026-09-18,0,CVM Informe Mensal — Percentual_Dividend_Yield_Mes,15.5,Risco,,2.0,0.0,20.1,42.8,55.0,0.0
HOFC11,HEDGE OFFICE INCOME FUNDO DE INVESTIMENTO IMOB,BRHOFCCTF009,31894369000119,Escritórios,Papel,34.5,64.2517558483127,0.0,12,0.0,0.5369503065635831,165228.05800000002,231249458.25,,1.0,3860.0,3599115.0,0.00036,-8.382389899422577,5.818453253701983,-22.583233052547136,6.811145510835925,36.0,26.02,2026-08-01,2026-09-18,0,CVM Informe Mensal — Percentual_Dividend_Yield_Mes,15.5,Risco,,52.9,0.0,0.0,3.7,70.0,5.4
HOMS11,FII ROOFTOP III,BRHOMSCTF001,55793516000122,Multicategoria,Híbrido,134.74,88.60807637,0.0,12,0.0,1.5206288807960047,44221.26333333333,46957938.68,,1.0,2579.0,529951.0,0.000494,42.26720029479621,52.14220346433576,32.39219712525667,1.5602623049672193,134.74,107.77,2026-08-01,2026-09-18,0,CVM Informe Mensal — Percentual_Dividend_Yield_Mes,15.5,Oportunidade,,0.0,0.0,0.0,0.0,55.0,100.0
PLRI11,POLO FII RECEBIVEIS IMOBILIARIOS I,BRPLRICTF000,14080689000116,Multicategoria,Híbrido,5.0,11.5927547091912,4.2623,12,0.7103833333333333,0.4313038725848137,265.33166666666665,11063012.19,,,717.0,954304.0,0.0,-18.811482149727265,-21.092114474076183,-16.530849825378347,-37.02770780856424,16.15,5.0,2026-08-01,2026-09-15,3,CVM Informe Mensal — Percentual_Dividend_Yield_Mes,14.6,Risco,,36.3,0.0,0.0,0.0,55.0,0.0
RFOF11,FII RB CAPITAL I FOF,BRRFOFCTF001,34027774000128,Outros,Outros,64.49,0.397196662701927,6.7267,7,0.9645166666666666,162.36289489772474,530236.857,304732.06,,,3285.0,767206.99999608,0.0164078567906508,-57.01112881256574,-99.59141626019269,-14.430841364938784,0.2954898911353032,68.6,54.24,2026-08-01,2025-10-14,339,CVM Informe Mensal — Percentual_Dividend_Yield_Mes,14.0,Risco,"preco_defasado,pvp_fora_da_faixa,dy_parcial_7_meses",0.0,19.2,24.9,0.0,55.0,0.0
PABY11,FII PANAMBY,BRPABYCTF012,00613094000174,Multicategoria,Híbrido,20.89,-35.0441245780591,-1.0626,12,-0.08586666666666666,,584.3713333333334,-26577464.08,,,584.0,758400.0,0.0,14.21093252223382,12.08720368988596,16.33466135458168,-20.419047619047614,48.3,9.39,2026-08-01,2026-09-16,2,CVM Informe Mensal — Percentual_Dividend_Yield_Mes,13.6,Oportunidade,vp_cota_nao_positivo,0.0,0.0,0.0,0.0,55.0,80.7
TCIN11,G5 CIDADE NOVA FUNDO DE INVESTIMENTO IMOBILIÁRIO,BRTCINCTF000,34197700000130,Outros,Outros,145.92,42.8573968691488,0.0,12,0.0,3.4047798200511226,1510527.36,36585544.57,,,108.0,853657.64704987,0.0005608,-15.796520629134791,-33.47983371109977,1.8867924528301883,0.0,145.92,145.92,2026-08-01,2026-02-23,207,CVM Informe Mensal — Percentual_Dividend_Yield_Mes,13.3,Oportunidade,preco_defasado,0.0,0.0,51.7,0.0,55.0,0.0
DRIT11,DRIT11 FII,BRDRITCTF009,10456810000100,Lajes Corporativas,Tijolo,8.68,133.562299,1.1288340000000001,5,0.22576680000000002,0.06498839915895728,1353.51,61876341.24,,,338.0,463277.0,0.000413,,,,-90.19319850864309,90.0,8.6,2025-05-01,2025-06-12,463,CVM Informe Mensal — Percentual_Dividend_Yield_Mes,13.2,Risco,"preco_defasado,pvp_fora_da_faixa,dy_parcial_5_meses",0.0,0.0,0.0,0.0,55.0,50.0
CBOP11,CASTELLO BRANCO OFFICE PARK  - FII,BRCBOPCTF001,17144039000185,Escritórios,Papel,28.0,71.9433545441696,3.0693,12,0.24039999999999997,0.38919508518065293,21096.865666666665,101799846.68,,,1935.0,1415000.0,0.000746,-2.795224364982879,6.415008295955116,-12.005457025920874,-3.9451114922812947,41.99,21.52,2026-08-01,2026-09-18,0,CVM Informe Mensal — Percentual_Dividend_Yield_Mes,13.0,Risco,,29.7,0.0,0.0,0.0,70.0,24.0
NAUI11,TEN DESENVOLVIMENTO FII,BRNAUICTF002,49649500000148,Multicategoria,Híbrido,1000.0,420.54757534,0.0,12,0.0,2.3778522541511036,308708.1457142857,21757028.81,,,109.0,51735.0,0.001585,7.017386427481542,15.83657465676489,-1.8018018018018056,0.0,1100.0,851.0,2026-08-01,2026-05-06,135,CVM Informe Mensal — Percentual_Dividend_Yield_Mes,12.8,Oportunidade,preco_defasado,0.0,0.0,11.1,0.0,55.0,56.7
XPCM11,XP CORPORATE MACAÉ FUNDO DE INVESTIMENTO IMOBILIÁRIO,BRXPCMCTF009,16802320000103,Escritórios,Papel,7.91,15.9873208579051,0.0,12,0.0,0.4947670763790805,23880.232333333337,58814044.08,,,15062.0,3678793.0012,0.00136,-14.09438098025062,-15.444004690196522,-12.744757270304719,-2.944785276073625,11.0,7.31,2026-08-01,2026-09-18,0,CVM Informe Mensal — Percentual_Dividend_Yield_Mes,12.8,Risco,,46.3,0.0,0.0,0.0,70.0,0.0
PULV11,FII RBR CRED PULVERIZADO RESPON LIMITADA,BRPULVCTF007,53018363000110,Outros,Outros,8.82,0.0,7.5758,12,0.31906666666666667,,74301.484,0.0,,,0.0,0.0,0.0,-100.0,-100.0,-100.0,0.11350737797957144,9.15,7.23,2026-02-01,2025-10-15,338,CVM Informe Mensal — Percentual_Dividend_Yield_Mes,12.7,Oportunidade,"preco_defasado,vp_cota_nao_positivo",0.0,28.6,0.0,0.0,55.0,0.0
FPNG11,FII PEDRA NEGRA RENDA IMOBILIÁRIA - RESP. LIMITADA,BRFPNGCTF005,17161979000182,Multicategoria,Híbrido,350.0,217.186779970211,2.2113,12,0.36855,1.6115161339378274,2827.7006666666666,660996453.94,,,137.0,3043447.0,5.1e-05,-3.113533967173238,3.6413531182851067,-9.868421052631582,-13.669774554782698,480.0,285.0,2026-08-01,2026-09-15,3,CVM Informe Mensal — Percentual_Dividend_Yield_Mes,12.4,Oportunidade,,0.0,0.0,0.0,30.6,55.0,23.0
CTXT11,FUNDO DE INV. IMOBILIARIO CENTRO TEXTIL INTERNACIONAL,BRCTXTCTF014,00762723000128,Escritórios,Papel,5.08,14.956508157394,0.0,12,0.0,0.3396514712218184,261.949,97439960.56,,,2232.0,6514887.0,0.000536,-3.098610526024337,-5.751190721986232,-0.4460303300624413,5.394190871369298,6.75,4.44,2026-08-01,2026-09-18,0,CVM Informe Mensal — Percentual_Dividend_Yield_Mes,11.3,Risco,,21.9,0.0,0.0,0.0,70.0,23.0
RBED11,FUNDO DE INVESTIMENTO IMOBILIÁRIO RB RENDA EDUCACIONAL,BRRBEDCTF006,13873457000152,Outros,Outros,94.03,0.0,0.9252,2,0.4626,,240443.31222222224,0.0,,,10734.0,2355022.0,0.0,,,,-4.731509625126651,105.0,92.05,2025-02-01,2025-02-07,588,CVM Informe Mensal — Percentual_Dividend_Yield_Mes,11.2,Oportunidade,"preco_defasado,vp_cota_nao_positivo,dy_parcial_2_meses",0.0,0.0,4.7,0.0,55.0,50.0
VSLH11,VERSALHES RECEBÍVEIS IMOBILIÁRIOS FII,BRVSLHCTF008,36244015000142,Multicategoria,Híbrido,1.62,11.50716405,3.174329,12,0.2459555,0.14078186362520834,73821.52266666666,343650994.22,,,58978.0,29864091.0,0.002152,0.6747062158365287,14.159311460397394,-12.809899028724336,0.0,2.66,1.57,2026-08-01,2026-09-18,0,CVM Informe Mensal — Percentual_Dividend_Yield_Mes,11.1,Risco,pvp_fora_da_faixa,0.0,0.0,0.0,13.8,55.0,35.6
RNDP11,BB RENDA DE PAPÉIS IMOBILIÁRIOS FUNDO DE INVESTIMENTO IMOBIL,BRRNDPCTF007,15394563000189,Títulos e Val. Mob.,Papel,40.5,0.0,2.8197,6,0.46995000000000003,,11978.147666666668,0.0,,,0.0,0.0,0.0,,,,-11.956521739130432,49.98,37.02,2025-06-01,2025-03-28,539,CVM Informe Mensal — Percentual_Dividend_Yield_Mes,11.0,Oportunidade,"preco_defasado,vp_cota_nao_positivo,dy_parcial_6_meses",0.0,0.0,0.0,0.0,70.0,50.0
PATL11,PÁTRIA LOGÍSTICA FII,BRPATLCTF003,35754164000199,Multicategoria,Híbrido,64.15,0.77886491,5.045817,12,0.2131711666666667,82.36344862422933,793636.9013333333,3887731.46,,4.0,33546.0,4991535.0,0.014177,-34.14581674700545,-99.19263634256906,30.901002848558168,-3.8519184652278105,68.99,47.19,2026-08-01,2026-05-11,130,CVM Informe Mensal — Percentual_Dividend_Yield_Mes,10.9,Risco,"preco_defasado,pvp_fora_da_faixa",0.0,0.5,35.2,0.0,55.0,0.0
RBOP11,FUNDO DE INVESTIMENTO IMOBILIÁRIO RB OPORTUNIDADES - FII,BRRBOPCTF009,13500306000159,Outros,Outros,212.05,731.270186693421,3.0345999999999997,12,0.146,0.28997490101275003,16636.743666666665,74343852.26,,1.0,2461.0,101664.0,0.000918,-4.775457870300853,6.912084938284924,-16.46300067888663,-2.285608958112517,244.99,191.01,2026-08-01,2026-09-18,0,CVM Informe Mensal — Percentual_Dividend_Yield_Mes,10.8,Risco,,14.1,0.0,0.0,0.0,55.0,17.4
JPPC11,JPP CAPITAL FUNDO DE INVESTIMENTO IMOBILIÁRIO - FII,BRJPPCCTF001,17216625000198,Multicategoria,Híbrido,141.1,61.1609947272727,0.6508970000000001,4,0.16272425000000001,2.307025917894059,25929.83266666666,3363854.71,,,492.0,55000.0,0.00396,,,,17.58333333333333,210.0,97.61,2025-09-01,2025-10-01,352,CVM Informe Mensal — Percentual_Dividend_Yield_Mes,10.5,Oportunidade,"preco_defasado,dy_parcial_4_meses",0.0,0.0,0.0,0.0,55.0,50.0
ALMI11,TORRE ALMIRANTE FII,BRALMICTF003,07122725000100,Escritórios,Papel,622.99,2055.797586,0.8126,12,-0.00046666666666666666,0.3030405348476754,22195.869,228557408.25,,,1818.0,111177.0,0.000473,-4.307514515284261,-2.374698963523658,-6.240330067044864,7.412068965517249,700.0,549.99,2026-08-01,2026-09-17,1,CVM Informe Mensal — Percentual_Dividend_Yield_Mes,10.1,Risco,,16.2,0.0,0.0,3.4,70.0,19.0
EDGA11,GALERIA FII,BREDGACTF001,15333306000137,Multicategoria,Híbrido,13.09,42.49897,0.4497,12,0.0,0.30800746465149625,37619.91033333334,162008411.13,,,3458.0,3812055.0,0.000258,-10.806312387650753,-9.179097299991302,-12.433527475310202,0.15302218821728886,15.97,11.99,2026-08-01,2026-09-18,0,CVM Informe Mensal — Percentual_Dividend_Yield_Mes,9.7,Risco,,17.0,0.0,0.0,0.0,55.0,0.0
TORD11,TORDESILHAS EI FII,BRTORDCTF015,30230870000118,Multicategoria,Híbrido,1.01,36.71829414,0.33999100000000004,12,0.028252000000000003,0.02750672447224968,17406.775666666665,212583174.34,,,46674.0,5841933.7,0.001251,-0.7537374992968471,4.178751965518823,-5.686226964112517,-8.18181818181819,3.16,1.0,2026-08-01,2026-09-18,0,CVM Informe Mensal — Percentual_Dividend_Yield_Mes,8.8,Risco,pvp_fora_da_faixa,0.0,0.0,0.0,1.6,55.0,30.8
BRIM11,BRIO REAL ESTATE II,BRBRIMCTF008,23964843000103,Residencial,Tijolo,95.0,0.0,3.0681,10,0.07506666666666667,,10321.057666666668,0.0,,,714.0,0.0,,-47.80701754385965,-100.0,4.385964912280693,-59.91561181434599,559.95,92.99,2026-06-01,2026-05-28,113,CVM Informe Mensal — Percentual_Dividend_Yield_Mes,8.2,Oportunidade,"preco_defasado,vp_cota_nao_positivo",0.0,0.0,0.0,0.0,55.0,0.0
RCFA11,GRUPO RCFA FUNDO DE INVESTIMENTO IMOBILIARIO,BRRCFACTF007,27771586000144,Multicategoria,Híbrido,0.9,18.0023424726995,0.0,12,0.0,0.04999349397806688,24.282999999999998,10512037.19,,,279.0,583926.07550609,7.25e-05,-2.1403591131078317,-4.280718226215663,0.0,3.4482758620689724,1.0,0.01,2026-08-01,2026-09-04,14,CVM Informe Mensal — Percentual_Dividend_Yield_Mes,8.1,Risco,"preco_defasado,pvp_fora_da_faixa",0.0,0.0,0.0,0.0,55.0,26.2
PRSV11,PRESIDENTE VARGAS FUNDO DE INVESTIMENTO IMOBILIÁRIO,BRPRSVCTF008,11281322000172,Escritórios,Papel,26.87,93.7327598107256,0.0,12,0.0,0.2866660498875585,861.8296666666668,29713284.86,,,765.0,317000.0,0.001253,-6.928800669932811,-7.9535422992752185,-5.904059040590404,-11.901639344262293,44.49,25.0,2026-08-01,2026-09-18,0,CVM Informe Mensal — Percentual_Dividend_Yield_Mes,7.8,Risco,,13.6,0.0,0.0,0.0,70.0,10.2
REIT11,SINGULARE FUNDO DE INVESTIMENTO IMOBILIÁRIO - FII,BRREITCTF007,16841067000199,Outros,Outros,61.01,298.168089079913,1.3837,12,0.23061666666666666,0.20461612840014048,509.80304347826086,7839137.23,,,59.0,26291.0,0.00185221,-3.9425112297100218,-3.046312782000693,-4.8387096774193505,-38.41728071060866,110.98,61.01,2026-08-01,2026-09-04,14,CVM Informe Mensal — Percentual_Dividend_Yield_Mes,7.7,Risco,preco_defasado,0.7,0.0,0.0,0.0,55.0,20.2
EGYR11,ENERGY RESORT FUNDO DE INVESTIMENTO IMOBILIÁRIO,BREGYRCTF001,36969658000153,Multicategoria,Híbrido,2.98,132.193569015785,0.0,12,0.0,0.022542700240161938,656.795,100778168.83,,,88.0,762353.03714333,3e-06,-6.146623993550298,-11.169652481482617,-1.1235955056179803,0.0,3.8,2.78,2026-08-01,2026-01-14,247,CVM Informe Mensal — Percentual_Dividend_Yield_Mes,6.8,Risco,"preco_defasado,pvp_fora_da_faixa",0.0,0.0,0.0,0.0,55.0,12.8
HYPI11,HIRE PROPERTIES I FII RESP LIMITADA,BRHYPICTF004,28899178000135,Multicategoria,Híbrido,181.5,4.50810016,1.07669626,12,0.0,40.26086234960672,841.4107142857143,5888950.18,,,68.0,1306304.2006,0.004226,-66.69326839758367,-96.34949975813028,-37.03703703703704,0.0,190.58,145.0,2026-08-01,2025-06-30,445,CVM Informe Mensal — Percentual_Dividend_Yield_Mes,5.5,Risco,"preco_defasado,pvp_fora_da_faixa",0.0,0.0,0.0,0.0,55.0,0.0
PRSN11,PERSONALE I FUNDO DE INVESTIMENTO IMOBILIÁRIO - FII,BRPRSNCTF005,14056001000162,Multicategoria,Híbrido,4.81,26.280521420987,0.33140000000000003,12,0.055233333333333336,0.18302528792898484,519.6413333333334,8491885.6,,,484.0,323124.7,0.001686,-24.626074320308366,0.014098738838197455,-49.26624737945493,-46.555555555555564,9.48,0.98,2026-08-01,2026-08-28,21,CVM Informe Mensal — Percentual_Dividend_Yield_Mes,5.5,Risco,"preco_defasado,pvp_fora_da_faixa",0.0,0.0,0.0,0.0,55.0,0.0
HGPO11,PÁTRIA PRIME OFFICES - FUNDO DE INVESTIMENTO IMOBILIÁRIO,BRHGPOCTF009,11260134000168,Escritórios,Papel,153.42,50.4232972458967,1.003338,12,0.167223,3.042641167471151,267664.39700000006,88394914.2,,,7984.0,1753057.0,0.0,-42.94670492607136,-64.06063131288289,-21.832778539259834,-0.052117263843654005,155.48,130.29,2026-06-01,2026-05-25,116,CVM Informe Mensal — Percentual_Dividend_Yield_Mes,4.6,Oportunidade,preco_defasado,0.0,0.0,7.4,0.0,70.0,0.0
CNES11,CENESP FII,BRCNESCTF001,13551286000145,Escritórios,Papel,1.39,6.388622,0.39289999999999997,12,0.0,0.2175743063214571,40279.21900000001,218074503.2,,,72712.0,34134825.0,0.000442,-16.663746704546107,-15.560421865811126,-17.767071543281087,0.7246376811594235,2.32,1.27,2026-08-01,2026-09-18,0,CVM Informe Mensal — Percentual_Dividend_Yield_Mes,4.4,Risco,,2.8,0.0,0.0,2.2,70.0,0.0
BBFI11,BB PROGRESSIVO FII,BRBBFICTF006,07000400000146,Escritórios,Papel,629.0,33.912882,-18.693475,12,-2.5136625,18.5475242121858,171029.26499999998,4408674.69,,1.0,5522.0,130000.0,0.37315,-56.72206482518331,-95.28791207218373,-18.156217578182897,73.42156051833473,630.9,291.0,2026-01-01,2025-11-26,296,CVM Informe Mensal — Percentual_Dividend_Yield_Mes,3.5,Risco,"preco_defasado,pvp_fora_da_faixa",0.0,0.0,0.0,0.0,70.0,0.0
